FeatureID,SampleID,MouseID,Treatment,Time_days,Reads,RelAbund
cd3e52559a9e53dce7721688de8fd9b5,MOUSE.G11.Day1,G11,Before_Diet,1,1996,0.1444910959895758
cd3e52559a9e53dce7721688de8fd9b5,MOUSE.G11.Day3,G11,Before_Diet,3,528,0.04068423485899214
cd3e52559a9e53dce7721688de8fd9b5,MOUSE.G11.Day7,G11,Before_Diet,7,35,0.0027176022983150866
cd3e52559a9e53dce7721688de8fd9b5,MOUSE.G12.Day1,G12,Before_Diet,1,1369,0.12149449769258076
cd3e52559a9e53dce7721688de8fd9b5,MOUSE.G12.Day3,G12,Before_Diet,3,777,0.07119296316657504
cd3e52559a9e53dce7721688de8fd9b5,MOUSE.G12.Day7,G12,Before_Diet,7,33,0.003168811215671212
cd3e52559a9e53dce7721688de8fd9b5,MOUSE.G21.Day1,G21,Before_Diet,1,2511,0.21031912220453974
cd3e52559a9e53dce7721688de8fd9b5,MOUSE.G21.Day3,G21,Before_Diet,3,997,0.0649723036819811
cd3e52559a9e53dce7721688de8fd9b5,MOUSE.G21.Day7,G21,Before_Diet,7,35,0.0022509486140587817
cd3e52559a9e53dce7721688de8fd9b5,MOUSE.H11.Day1,H11,After_Diet,1,2147,0.16594527747719895
cd3e52559a9e53dce7721688de8fd9b5,MOUSE.H11.Day3,H11,After_Diet,3,1256,0.08976558033161806
cd3e52559a9e53dce7721688de8fd9b5,MOUSE.H11.Day7,H11,After_Diet,7,20,0.0016165535079211122
cd3e52559a9e53dce7721688de8fd9b5,MOUSE.H12.Day1,H12,After_Diet,1,1561,0.12409571508069003
cd3e52559a9e53dce7721688de8fd9b5,MOUSE.H12.Day3,H12,After_Diet,3,752,0.05575739601097353
cd3e52559a9e53dce7721688de8fd9b5,MOUSE.H12.Day7,H12,After_Diet,7,1176,0.08882175226586103
cd3e52559a9e53dce7721688de8fd9b5,MOUSE.H13.Day1,H13,After_Diet,1,2011,0.1456296618147585
cd3e52559a9e53dce7721688de8fd9b5,MOUSE.H13.Day3,H13,After_Diet,3,1269,0.0977055743763474
cd3e52559a9e53dce7721688de8fd9b5,MOUSE.H13.Day7,H13,After_Diet,7,548,0.04636994415298697
438fb020cf251f2c2f4e89552e4a78ff,MOUSE.G11.Day1,G11,Before_Diet,1,30,0.0021717098595627625
438fb020cf251f2c2f4e89552e4a78ff,MOUSE.G11.Day3,G11,Before_Diet,3,2148,0.16551086453999075
438fb020cf251f2c2f4e89552e4a78ff,MOUSE.G11.Day7,G11,Before_Diet,7,2245,0.17431477599192483
438fb020cf251f2c2f4e89552e4a78ff,MOUSE.G12.Day1,G12,Before_Diet,1,8,7.099751508697196e-4
438fb020cf251f2c2f4e89552e4a78ff,MOUSE.G12.Day3,G12,Before_Diet,3,2136,0.19571192963166575
438fb020cf251f2c2f4e89552e4a78ff,MOUSE.G12.Day7,G12,Before_Diet,7,2161,0.20750912233531785
438fb020cf251f2c2f4e89552e4a78ff,MOUSE.G21.Day1,G21,Before_Diet,1,12,0.001005109305636988
438fb020cf251f2c2f4e89552e4a78ff,MOUSE.G21.Day3,G21,Before_Diet,3,2650,0.17269468882372108
438fb020cf251f2c2f4e89552e4a78ff,MOUSE.G21.Day7,G21,Before_Diet,7,1413,0.09087401119043026
438fb020cf251f2c2f4e89552e4a78ff,MOUSE.H11.Day1,H11,After_Diet,1,56,0.004328335136806307
438fb020cf251f2c2f4e89552e4a78ff,MOUSE.H11.Day3,H11,After_Diet,3,1638,0.11706689536878216
438fb020cf251f2c2f4e89552e4a78ff,MOUSE.H11.Day7,H11,After_Diet,7,1978,0.159877141933398
438fb020cf251f2c2f4e89552e4a78ff,MOUSE.H12.Day1,H12,After_Diet,1,24,0.0019079418077748629
438fb020cf251f2c2f4e89552e4a78ff,MOUSE.H12.Day3,H12,After_Diet,3,743,0.0550900867502039
438fb020cf251f2c2f4e89552e4a78ff,MOUSE.H12.Day7,H12,After_Diet,7,97,0.007326283987915408
438fb020cf251f2c2f4e89552e4a78ff,MOUSE.H13.Day1,H13,After_Diet,1,28,0.00202766311825621
438fb020cf251f2c2f4e89552e4a78ff,MOUSE.H13.Day3,H13,After_Diet,3,800,0.061595318755774564
438fb020cf251f2c2f4e89552e4a78ff,MOUSE.H13.Day7,H13,After_Diet,7,205,0.017346420714164833
ca1392eaa969b2980a69cc34a327e112,MOUSE.G11.Day1,G11,Before_Diet,1,350,0.02533661502823223
ca1392eaa969b2980a69cc34a327e112,MOUSE.G11.Day3,G11,Before_Diet,3,344,0.026506395438434274
ca1392eaa969b2980a69cc34a327e112,MOUSE.G11.Day7,G11,Before_Diet,7,1167,0.09061262520382017
ca1392eaa969b2980a69cc34a327e112,MOUSE.G12.Day1,G12,Before_Diet,1,283,0.02511537096201633
ca1392eaa969b2980a69cc34a327e112,MOUSE.G12.Day3,G12,Before_Diet,3,282,0.02583837273227048
ca1392eaa969b2980a69cc34a327e112,MOUSE.G12.Day7,G12,Before_Diet,7,447,0.04292298828500096
ca1392eaa969b2980a69cc34a327e112,MOUSE.G21.Day1,G21,Before_Diet,1,141,0.011810034341234609
ca1392eaa969b2980a69cc34a327e112,MOUSE.G21.Day3,G21,Before_Diet,3,285,0.01857282502443793
ca1392eaa969b2980a69cc34a327e112,MOUSE.G21.Day7,G21,Before_Diet,7,1354,0.08707955495530259
ca1392eaa969b2980a69cc34a327e112,MOUSE.H11.Day1,H11,After_Diet,1,1845,0.1426031844179935
ca1392eaa969b2980a69cc34a327e112,MOUSE.H11.Day3,H11,After_Diet,3,777,0.055531732418524875
ca1392eaa969b2980a69cc34a327e112,MOUSE.H11.Day7,H11,After_Diet,7,179,0.014468153895893954
ca1392eaa969b2980a69cc34a327e112,MOUSE.H12.Day1,H12,After_Diet,1,1746,0.13880276651562126
ca1392eaa969b2980a69cc34a327e112,MOUSE.H12.Day3,H12,After_Diet,3,963,0.07140209090235042
ca1392eaa969b2980a69cc34a327e112,MOUSE.H12.Day7,H12,After_Diet,7,0,0
ca1392eaa969b2980a69cc34a327e112,MOUSE.H13.Day1,H13,After_Diet,1,1653,0.11970454051705409
ca1392eaa969b2980a69cc34a327e112,MOUSE.H13.Day3,H13,After_Diet,3,718,0.055281798583307666
ca1392eaa969b2980a69cc34a327e112,MOUSE.H13.Day7,H13,After_Diet,7,0,0
128696fec65599e4b8dcefa3d81b156f,MOUSE.G11.Day1,G11,Before_Diet,1,3225,0.23345880990299697
128696fec65599e4b8dcefa3d81b156f,MOUSE.G11.Day3,G11,Before_Diet,3,12,9.246417013407304e-4
128696fec65599e4b8dcefa3d81b156f,MOUSE.G11.Day7,G11,Before_Diet,7,0,0
128696fec65599e4b8dcefa3d81b156f,MOUSE.G12.Day1,G12,Before_Diet,1,3022,0.26819311324103656
128696fec65599e4b8dcefa3d81b156f,MOUSE.G12.Day3,G12,Before_Diet,3,0,0
128696fec65599e4b8dcefa3d81b156f,MOUSE.G12.Day7,G12,Before_Diet,7,0,0
128696fec65599e4b8dcefa3d81b156f,MOUSE.G21.Day1,G21,Before_Diet,1,2629,0.22020269704330345
128696fec65599e4b8dcefa3d81b156f,MOUSE.G21.Day3,G21,Before_Diet,3,0,0
128696fec65599e4b8dcefa3d81b156f,MOUSE.G21.Day7,G21,Before_Diet,7,0,0
128696fec65599e4b8dcefa3d81b156f,MOUSE.H11.Day1,H11,After_Diet,1,1067,0.08247024269593446
128696fec65599e4b8dcefa3d81b156f,MOUSE.H11.Day3,H11,After_Diet,3,0,0
128696fec65599e4b8dcefa3d81b156f,MOUSE.H11.Day7,H11,After_Diet,7,0,0
128696fec65599e4b8dcefa3d81b156f,MOUSE.H12.Day1,H12,After_Diet,1,1422,0.11304555211066063
128696fec65599e4b8dcefa3d81b156f,MOUSE.H12.Day3,H12,After_Diet,3,0,0
128696fec65599e4b8dcefa3d81b156f,MOUSE.H12.Day7,H12,After_Diet,7,0,0
128696fec65599e4b8dcefa3d81b156f,MOUSE.H13.Day1,H13,After_Diet,1,995,0.07205445723803316
128696fec65599e4b8dcefa3d81b156f,MOUSE.H13.Day3,H13,After_Diet,3,0,0
128696fec65599e4b8dcefa3d81b156f,MOUSE.H13.Day7,H13,After_Diet,7,0,0
d8999f85296a9d9f0eb3a48834df9d46,MOUSE.G11.Day1,G11,Before_Diet,1,600,0.04343419719125525
d8999f85296a9d9f0eb3a48834df9d46,MOUSE.G11.Day3,G11,Before_Diet,3,53,0.00408383418092156
d8999f85296a9d9f0eb3a48834df9d46,MOUSE.G11.Day7,G11,Before_Diet,7,132,0.010249242953645469
d8999f85296a9d9f0eb3a48834df9d46,MOUSE.G12.Day1,G12,Before_Diet,1,712,0.06318778842740504
d8999f85296a9d9f0eb3a48834df9d46,MOUSE.G12.Day3,G12,Before_Diet,3,16,0.0014660069635330768
d8999f85296a9d9f0eb3a48834df9d46,MOUSE.G12.Day7,G12,Before_Diet,7,165,0.01584405607835606
d8999f85296a9d9f0eb3a48834df9d46,MOUSE.G21.Day1,G21,Before_Diet,1,507,0.042465868163162744
d8999f85296a9d9f0eb3a48834df9d46,MOUSE.G21.Day3,G21,Before_Diet,3,111,0.007233626588465298
d8999f85296a9d9f0eb3a48834df9d46,MOUSE.G21.Day7,G21,Before_Diet,7,366,0.023538491221300407
d8999f85296a9d9f0eb3a48834df9d46,MOUSE.H11.Day1,H11,After_Diet,1,1298,0.10032462513526047
d8999f85296a9d9f0eb3a48834df9d46,MOUSE.H11.Day3,H11,After_Diet,3,640,0.045740423098913664
d8999f85296a9d9f0eb3a48834df9d46,MOUSE.H11.Day7,H11,After_Diet,7,411,0.03322017458777886
d8999f85296a9d9f0eb3a48834df9d46,MOUSE.H12.Day1,H12,After_Diet,1,1370,0.10891167819381509
d8999f85296a9d9f0eb3a48834df9d46,MOUSE.H12.Day3,H12,After_Diet,3,851,0.06309779787943946
d8999f85296a9d9f0eb3a48834df9d46,MOUSE.H12.Day7,H12,After_Diet,7,812,0.06132930513595166
d8999f85296a9d9f0eb3a48834df9d46,MOUSE.H13.Day1,H13,After_Diet,1,1614,0.11688029545948295
d8999f85296a9d9f0eb3a48834df9d46,MOUSE.H13.Day3,H13,After_Diet,3,1123,0.08646442870341854
d8999f85296a9d9f0eb3a48834df9d46,MOUSE.H13.Day7,H13,After_Diet,7,745,0.06303943137586732
cece12865e81c96a523b3bb6a4511561,MOUSE.G11.Day1,G11,Before_Diet,1,177,0.012813088171420298
cece12865e81c96a523b3bb6a4511561,MOUSE.G11.Day3,G11,Before_Diet,3,0,0
cece12865e81c96a523b3bb6a4511561,MOUSE.G11.Day7,G11,Before_Diet,7,0,0
cece12865e81c96a523b3bb6a4511561,MOUSE.G12.Day1,G12,Before_Diet,1,146,0.012957046503372382
cece12865e81c96a523b3bb6a4511561,MOUSE.G12.Day3,G12,Before_Diet,3,0,0
cece12865e81c96a523b3bb6a4511561,MOUSE.G12.Day7,G12,Before_Diet,7,0,0
cece12865e81c96a523b3bb6a4511561,MOUSE.G21.Day1,G21,Before_Diet,1,61,0.005109305636988023
cece12865e81c96a523b3bb6a4511561,MOUSE.G21.Day3,G21,Before_Diet,3,0,0
cece12865e81c96a523b3bb6a4511561,MOUSE.G21.Day7,G21,Before_Diet,7,0,0
cece12865e81c96a523b3bb6a4511561,MOUSE.H11.Day1,H11,After_Diet,1,387,0.029911887463286442
cece12865e81c96a523b3bb6a4511561,MOUSE.H11.Day3,H11,After_Diet,3,239,0.01708118925100057
cece12865e81c96a523b3bb6a4511561,MOUSE.H11.Day7,H11,After_Diet,7,652,0.052699644358228256
cece12865e81c96a523b3bb6a4511561,MOUSE.H12.Day1,H12,After_Diet,1,290,0.02305429684394626
cece12865e81c96a523b3bb6a4511561,MOUSE.H12.Day3,H12,After_Diet,3,907,0.06724994439089493
cece12865e81c96a523b3bb6a4511561,MOUSE.H12.Day7,H12,After_Diet,7,3680,0.27794561933534745
cece12865e81c96a523b3bb6a4511561,MOUSE.H13.Day1,H13,After_Diet,1,267,0.019335216163371714
cece12865e81c96a523b3bb6a4511561,MOUSE.H13.Day3,H13,After_Diet,3,614,0.04727440714505698
cece12865e81c96a523b3bb6a4511561,MOUSE.H13.Day7,H13,After_Diet,7,3865,0.327043492976815
20cf13f228f8d16b499e9493dd2ee208,MOUSE.G11.Day1,G11,Before_Diet,1,344,0.024902273056319677
20cf13f228f8d16b499e9493dd2ee208,MOUSE.G11.Day3,G11,Before_Diet,3,891,0.06865464632454923
20cf13f228f8d16b499e9493dd2ee208,MOUSE.G11.Day7,G11,Before_Diet,7,874,0.06786241167792531
20cf13f228f8d16b499e9493dd2ee208,MOUSE.G12.Day1,G12,Before_Diet,1,224,0.01987930422435215
20cf13f228f8d16b499e9493dd2ee208,MOUSE.G12.Day3,G12,Before_Diet,3,771,0.07064321055525014
20cf13f228f8d16b499e9493dd2ee208,MOUSE.G12.Day7,G12,Before_Diet,7,240,0.023045899750336087
20cf13f228f8d16b499e9493dd2ee208,MOUSE.G21.Day1,G21,Before_Diet,1,150,0.012563866320462351
20cf13f228f8d16b499e9493dd2ee208,MOUSE.G21.Day3,G21,Before_Diet,3,507,0.033040078201368527
20cf13f228f8d16b499e9493dd2ee208,MOUSE.G21.Day7,G21,Before_Diet,7,250,0.016078204386134158
20cf13f228f8d16b499e9493dd2ee208,MOUSE.H11.Day1,H11,After_Diet,1,264,0.020405008502086874
20cf13f228f8d16b499e9493dd2ee208,MOUSE.H11.Day3,H11,After_Diet,3,1032,0.07375643224699828
20cf13f228f8d16b499e9493dd2ee208,MOUSE.H11.Day7,H11,After_Diet,7,653,0.052780472033624314
20cf13f228f8d16b499e9493dd2ee208,MOUSE.H12.Day1,H12,After_Diet,1,124,0.009857699340170124
20cf13f228f8d16b499e9493dd2ee208,MOUSE.H12.Day3,H12,After_Diet,3,1193,0.0884555497886854
20cf13f228f8d16b499e9493dd2ee208,MOUSE.H12.Day7,H12,After_Diet,7,682,0.051510574018126885
20cf13f228f8d16b499e9493dd2ee208,MOUSE.H13.Day1,H13,After_Diet,1,320,0.023173292780070968
20cf13f228f8d16b499e9493dd2ee208,MOUSE.H13.Day3,H13,After_Diet,3,1513,0.11649214659685864
20cf13f228f8d16b499e9493dd2ee208,MOUSE.H13.Day7,H13,After_Diet,7,567,0.047977661194787614
bd87538a8a84679b27e33c28432046c2,MOUSE.G11.Day1,G11,Before_Diet,1,218,0.015781091646156074
bd87538a8a84679b27e33c28432046c2,MOUSE.G11.Day3,G11,Before_Diet,3,1870,0.1440899984589305
bd87538a8a84679b27e33c28432046c2,MOUSE.G11.Day7,G11,Before_Diet,7,939,0.07290938737479619
bd87538a8a84679b27e33c28432046c2,MOUSE.G12.Day1,G12,Before_Diet,1,25,0.0022186723464678736
bd87538a8a84679b27e33c28432046c2,MOUSE.G12.Day3,G12,Before_Diet,3,1218,0.11159978009895546
bd87538a8a84679b27e33c28432046c2,MOUSE.G12.Day7,G12,Before_Diet,7,688,0.06606491261763012
bd87538a8a84679b27e33c28432046c2,MOUSE.G21.Day1,G21,Before_Diet,1,296,0.02479269620571237
bd87538a8a84679b27e33c28432046c2,MOUSE.G21.Day3,G21,Before_Diet,3,2328,0.15171065493646138
bd87538a8a84679b27e33c28432046c2,MOUSE.G21.Day7,G21,Before_Diet,7,1495,0.09614766222908226
bd87538a8a84679b27e33c28432046c2,MOUSE.H11.Day1,H11,After_Diet,1,147,0.011361879734116556
bd87538a8a84679b27e33c28432046c2,MOUSE.H11.Day3,H11,After_Diet,3,853,0.06096340766152087
bd87538a8a84679b27e33c28432046c2,MOUSE.H11.Day7,H11,After_Diet,7,0,0
bd87538a8a84679b27e33c28432046c2,MOUSE.H12.Day1,H12,After_Diet,1,85,0.006757293902535972
bd87538a8a84679b27e33c28432046c2,MOUSE.H12.Day3,H12,After_Diet,3,0,0
bd87538a8a84679b27e33c28432046c2,MOUSE.H12.Day7,H12,After_Diet,7,0,0
bd87538a8a84679b27e33c28432046c2,MOUSE.H13.Day1,H13,After_Diet,1,49,0.003548410456948367
bd87538a8a84679b27e33c28432046c2,MOUSE.H13.Day3,H13,After_Diet,3,321,0.024715121650754544
bd87538a8a84679b27e33c28432046c2,MOUSE.H13.Day7,H13,After_Diet,7,0,0
6bd982a66b0c74116b5c1cd9b824c113,MOUSE.G11.Day1,G11,Before_Diet,1,15,0.0010858549297813813
6bd982a66b0c74116b5c1cd9b824c113,MOUSE.G11.Day3,G11,Before_Diet,3,1458,0.11234396671289876
6bd982a66b0c74116b5c1cd9b824c113,MOUSE.G11.Day7,G11,Before_Diet,7,1788,0.138830654553925
6bd982a66b0c74116b5c1cd9b824c113,MOUSE.G12.Day1,G12,Before_Diet,1,0,0
6bd982a66b0c74116b5c1cd9b824c113,MOUSE.G12.Day3,G12,Before_Diet,3,916,0.08392889866226864
6bd982a66b0c74116b5c1cd9b824c113,MOUSE.G12.Day7,G12,Before_Diet,7,1281,0.12300748991741886
6bd982a66b0c74116b5c1cd9b824c113,MOUSE.G21.Day1,G21,Before_Diet,1,0,0
6bd982a66b0c74116b5c1cd9b824c113,MOUSE.G21.Day3,G21,Before_Diet,3,878,0.057217334636689474
6bd982a66b0c74116b5c1cd9b824c113,MOUSE.G21.Day7,G21,Before_Diet,7,1244,0.08000514502540357
6bd982a66b0c74116b5c1cd9b824c113,MOUSE.H11.Day1,H11,After_Diet,1,0,0
6bd982a66b0c74116b5c1cd9b824c113,MOUSE.H11.Day3,H11,After_Diet,3,160,0.011435105774728416
6bd982a66b0c74116b5c1cd9b824c113,MOUSE.H11.Day7,H11,After_Diet,7,1431,0.11566440349175558
6bd982a66b0c74116b5c1cd9b824c113,MOUSE.H12.Day1,H12,After_Diet,1,0,0
6bd982a66b0c74116b5c1cd9b824c113,MOUSE.H12.Day3,H12,After_Diet,3,81,0.00600578334692667
6bd982a66b0c74116b5c1cd9b824c113,MOUSE.H12.Day7,H12,After_Diet,7,298,0.022507552870090635
6bd982a66b0c74116b5c1cd9b824c113,MOUSE.H13.Day1,H13,After_Diet,1,0,0
6bd982a66b0c74116b5c1cd9b824c113,MOUSE.H13.Day3,H13,After_Diet,3,102,0.007853403141361256
6bd982a66b0c74116b5c1cd9b824c113,MOUSE.H13.Day7,H13,After_Diet,7,149,0.012607886275173464
97d34dbaf75b1ffbb56b6d7b8db933bf,MOUSE.G11.Day1,G11,Before_Diet,1,142,0.010279426668597075
97d34dbaf75b1ffbb56b6d7b8db933bf,MOUSE.G11.Day3,G11,Before_Diet,3,983,0.07574356603482817
97d34dbaf75b1ffbb56b6d7b8db933bf,MOUSE.G11.Day7,G11,Before_Diet,7,25,0.0019411444987964903
97d34dbaf75b1ffbb56b6d7b8db933bf,MOUSE.G12.Day1,G12,Before_Diet,1,108,0.009584664536741214
97d34dbaf75b1ffbb56b6d7b8db933bf,MOUSE.G12.Day3,G12,Before_Diet,3,975,0.08933479934029687
97d34dbaf75b1ffbb56b6d7b8db933bf,MOUSE.G12.Day7,G12,Before_Diet,7,0,0
97d34dbaf75b1ffbb56b6d7b8db933bf,MOUSE.G21.Day1,G21,Before_Diet,1,136,0.011391238797219198
97d34dbaf75b1ffbb56b6d7b8db933bf,MOUSE.G21.Day3,G21,Before_Diet,3,880,0.05734767025089606
97d34dbaf75b1ffbb56b6d7b8db933bf,MOUSE.G21.Day7,G21,Before_Diet,7,37,0.0023795742491478553
97d34dbaf75b1ffbb56b6d7b8db933bf,MOUSE.H11.Day1,H11,After_Diet,1,34,0.002627917761632401
97d34dbaf75b1ffbb56b6d7b8db933bf,MOUSE.H11.Day3,H11,After_Diet,3,1566,0.11192109777015437
97d34dbaf75b1ffbb56b6d7b8db933bf,MOUSE.H11.Day7,H11,After_Diet,7,739,0.059731652117685094
97d34dbaf75b1ffbb56b6d7b8db933bf,MOUSE.H12.Day1,H12,After_Diet,1,22,0.0017489466571269576
97d34dbaf75b1ffbb56b6d7b8db933bf,MOUSE.H12.Day3,H12,After_Diet,3,1204,0.08927114999629272
97d34dbaf75b1ffbb56b6d7b8db933bf,MOUSE.H12.Day7,H12,After_Diet,7,955,0.07212990936555891
97d34dbaf75b1ffbb56b6d7b8db933bf,MOUSE.H13.Day1,H13,After_Diet,1,46,0.0033311608371352015
97d34dbaf75b1ffbb56b6d7b8db933bf,MOUSE.H13.Day3,H13,After_Diet,3,956,0.0736064059131506
97d34dbaf75b1ffbb56b6d7b8db933bf,MOUSE.H13.Day7,H13,After_Diet,7,814,0.06887798273819597
db79739512d1a8e2ea6457e99ff96b8f,MOUSE.G11.Day1,G11,Before_Diet,1,15,0.0010858549297813813
db79739512d1a8e2ea6457e99ff96b8f,MOUSE.G11.Day3,G11,Before_Diet,3,552,0.0425335182616736
db79739512d1a8e2ea6457e99ff96b8f,MOUSE.G11.Day7,G11,Before_Diet,7,1329,0.10319124155602143
db79739512d1a8e2ea6457e99ff96b8f,MOUSE.G12.Day1,G12,Before_Diet,1,14,0.0012424565140220093
db79739512d1a8e2ea6457e99ff96b8f,MOUSE.G12.Day3,G12,Before_Diet,3,419,0.03839105735752245
db79739512d1a8e2ea6457e99ff96b8f,MOUSE.G12.Day7,G12,Before_Diet,7,1126,0.10812367966199347
db79739512d1a8e2ea6457e99ff96b8f,MOUSE.G21.Day1,G21,Before_Diet,1,9,7.53831979227741e-4
db79739512d1a8e2ea6457e99ff96b8f,MOUSE.G21.Day3,G21,Before_Diet,3,829,0.054024112088628215
db79739512d1a8e2ea6457e99ff96b8f,MOUSE.G21.Day7,G21,Before_Diet,7,2596,0.16695607434561707
db79739512d1a8e2ea6457e99ff96b8f,MOUSE.H11.Day1,H11,After_Diet,1,0,0
db79739512d1a8e2ea6457e99ff96b8f,MOUSE.H11.Day3,H11,After_Diet,3,0,0
db79739512d1a8e2ea6457e99ff96b8f,MOUSE.H11.Day7,H11,After_Diet,7,0,0
db79739512d1a8e2ea6457e99ff96b8f,MOUSE.H12.Day1,H12,After_Diet,1,0,0
db79739512d1a8e2ea6457e99ff96b8f,MOUSE.H12.Day3,H12,After_Diet,3,0,0
db79739512d1a8e2ea6457e99ff96b8f,MOUSE.H12.Day7,H12,After_Diet,7,0,0
db79739512d1a8e2ea6457e99ff96b8f,MOUSE.H13.Day1,H13,After_Diet,1,0,0
db79739512d1a8e2ea6457e99ff96b8f,MOUSE.H13.Day3,H13,After_Diet,3,0,0
db79739512d1a8e2ea6457e99ff96b8f,MOUSE.H13.Day7,H13,After_Diet,7,0,0
6521f34e85eb9034e3bd9d4e58dff50a,MOUSE.G11.Day1,G11,Before_Diet,1,563,0.04075575503112784
6521f34e85eb9034e3bd9d4e58dff50a,MOUSE.G11.Day3,G11,Before_Diet,3,535,0.04122360918477423
6521f34e85eb9034e3bd9d4e58dff50a,MOUSE.G11.Day7,G11,Before_Diet,7,0,0
6521f34e85eb9034e3bd9d4e58dff50a,MOUSE.G12.Day1,G12,Before_Diet,1,412,0.03656372026979056
6521f34e85eb9034e3bd9d4e58dff50a,MOUSE.G12.Day3,G12,Before_Diet,3,573,0.05250137438152831
6521f34e85eb9034e3bd9d4e58dff50a,MOUSE.G12.Day7,G12,Before_Diet,7,233,0.022373727674284617
6521f34e85eb9034e3bd9d4e58dff50a,MOUSE.G21.Day1,G21,Before_Diet,1,609,0.05100929726107714
6521f34e85eb9034e3bd9d4e58dff50a,MOUSE.G21.Day3,G21,Before_Diet,3,732,0.047702834799609
6521f34e85eb9034e3bd9d4e58dff50a,MOUSE.G21.Day7,G21,Before_Diet,7,1027,0.06604926361823911
6521f34e85eb9034e3bd9d4e58dff50a,MOUSE.H11.Day1,H11,After_Diet,1,0,0
6521f34e85eb9034e3bd9d4e58dff50a,MOUSE.H11.Day3,H11,After_Diet,3,150,0.01072041166380789
6521f34e85eb9034e3bd9d4e58dff50a,MOUSE.H11.Day7,H11,After_Diet,7,0,0
6521f34e85eb9034e3bd9d4e58dff50a,MOUSE.H12.Day1,H12,After_Diet,1,0,0
6521f34e85eb9034e3bd9d4e58dff50a,MOUSE.H12.Day3,H12,After_Diet,3,337,0.024987024542151702
6521f34e85eb9034e3bd9d4e58dff50a,MOUSE.H12.Day7,H12,After_Diet,7,0,0
6521f34e85eb9034e3bd9d4e58dff50a,MOUSE.H13.Day1,H13,After_Diet,1,0,0
6521f34e85eb9034e3bd9d4e58dff50a,MOUSE.H13.Day3,H13,After_Diet,3,636,0.048968278410840775
6521f34e85eb9034e3bd9d4e58dff50a,MOUSE.H13.Day7,H13,After_Diet,7,408,0.034523608055508546
0e1ecedf64d4390cd454c96039e9767d,MOUSE.G11.Day1,G11,Before_Diet,1,0,0
0e1ecedf64d4390cd454c96039e9767d,MOUSE.G11.Day3,G11,Before_Diet,3,9,6.934812760055479e-4
0e1ecedf64d4390cd454c96039e9767d,MOUSE.G11.Day7,G11,Before_Diet,7,0,0
0e1ecedf64d4390cd454c96039e9767d,MOUSE.G12.Day1,G12,Before_Diet,1,0,0
0e1ecedf64d4390cd454c96039e9767d,MOUSE.G12.Day3,G12,Before_Diet,3,0,0
0e1ecedf64d4390cd454c96039e9767d,MOUSE.G12.Day7,G12,Before_Diet,7,0,0
0e1ecedf64d4390cd454c96039e9767d,MOUSE.G21.Day1,G21,Before_Diet,1,0,0
0e1ecedf64d4390cd454c96039e9767d,MOUSE.G21.Day3,G21,Before_Diet,3,0,0
0e1ecedf64d4390cd454c96039e9767d,MOUSE.G21.Day7,G21,Before_Diet,7,0,0
0e1ecedf64d4390cd454c96039e9767d,MOUSE.H11.Day1,H11,After_Diet,1,285,0.022028134178389242
0e1ecedf64d4390cd454c96039e9767d,MOUSE.H11.Day3,H11,After_Diet,3,529,0.037807318467695826
0e1ecedf64d4390cd454c96039e9767d,MOUSE.H11.Day7,H11,After_Diet,7,12,9.699321047526673e-4
0e1ecedf64d4390cd454c96039e9767d,MOUSE.H12.Day1,H12,After_Diet,1,238,0.018920422927100722
0e1ecedf64d4390cd454c96039e9767d,MOUSE.H12.Day3,H12,After_Diet,3,2317,0.17179506191147031
0e1ecedf64d4390cd454c96039e9767d,MOUSE.H12.Day7,H12,After_Diet,7,896,0.06767371601208459
0e1ecedf64d4390cd454c96039e9767d,MOUSE.H13.Day1,H13,After_Diet,1,123,0.008907234412339779
0e1ecedf64d4390cd454c96039e9767d,MOUSE.H13.Day3,H13,After_Diet,3,1084,0.08346165691407453
0e1ecedf64d4390cd454c96039e9767d,MOUSE.H13.Day7,H13,After_Diet,7,334,0.028261973261127095
135c9e2817133d79b2dabc3a0a18eefc,MOUSE.G11.Day1,G11,Before_Diet,1,1557,0.11271174171130736
135c9e2817133d79b2dabc3a0a18eefc,MOUSE.G11.Day3,G11,Before_Diet,3,0,0
135c9e2817133d79b2dabc3a0a18eefc,MOUSE.G11.Day7,G11,Before_Diet,7,0,0
135c9e2817133d79b2dabc3a0a18eefc,MOUSE.G12.Day1,G12,Before_Diet,1,826,0.07330493432729854
135c9e2817133d79b2dabc3a0a18eefc,MOUSE.G12.Day3,G12,Before_Diet,3,0,0
135c9e2817133d79b2dabc3a0a18eefc,MOUSE.G12.Day7,G12,Before_Diet,7,0,0
135c9e2817133d79b2dabc3a0a18eefc,MOUSE.G21.Day1,G21,Before_Diet,1,1070,0.0896222464192981
135c9e2817133d79b2dabc3a0a18eefc,MOUSE.G21.Day3,G21,Before_Diet,3,0,0
135c9e2817133d79b2dabc3a0a18eefc,MOUSE.G21.Day7,G21,Before_Diet,7,0,0
135c9e2817133d79b2dabc3a0a18eefc,MOUSE.H11.Day1,H11,After_Diet,1,289,0.022337300973875405
135c9e2817133d79b2dabc3a0a18eefc,MOUSE.H11.Day3,H11,After_Diet,3,13,9.291023441966839e-4
135c9e2817133d79b2dabc3a0a18eefc,MOUSE.H11.Day7,H11,After_Diet,7,0,0
135c9e2817133d79b2dabc3a0a18eefc,MOUSE.H12.Day1,H12,After_Diet,1,137,0.010891167819381509
135c9e2817133d79b2dabc3a0a18eefc,MOUSE.H12.Day3,H12,After_Diet,3,0,0
135c9e2817133d79b2dabc3a0a18eefc,MOUSE.H12.Day7,H12,After_Diet,7,0,0
135c9e2817133d79b2dabc3a0a18eefc,MOUSE.H13.Day1,H13,After_Diet,1,241,0.01745238612499095
135c9e2817133d79b2dabc3a0a18eefc,MOUSE.H13.Day3,H13,After_Diet,3,0,0
135c9e2817133d79b2dabc3a0a18eefc,MOUSE.H13.Day7,H13,After_Diet,7,0,0
312015c00f6652c04c215fbc47488649,MOUSE.G11.Day1,G11,Before_Diet,1,45,0.0032575647893441436
312015c00f6652c04c215fbc47488649,MOUSE.G11.Day3,G11,Before_Diet,3,1001,0.07713052858683926
312015c00f6652c04c215fbc47488649,MOUSE.G11.Day7,G11,Before_Diet,7,127,0.009861014053886171
312015c00f6652c04c215fbc47488649,MOUSE.G12.Day1,G12,Before_Diet,1,114,0.010117145899893504
312015c00f6652c04c215fbc47488649,MOUSE.G12.Day3,G12,Before_Diet,3,567,0.05195162177020341
312015c00f6652c04c215fbc47488649,MOUSE.G12.Day7,G12,Before_Diet,7,101,0.00969848281159977
312015c00f6652c04c215fbc47488649,MOUSE.G21.Day1,G21,Before_Diet,1,0,0
312015c00f6652c04c215fbc47488649,MOUSE.G21.Day3,G21,Before_Diet,3,1214,0.07911371782339524
312015c00f6652c04c215fbc47488649,MOUSE.G21.Day7,G21,Before_Diet,7,505,0.032477972859990996
312015c00f6652c04c215fbc47488649,MOUSE.H11.Day1,H11,After_Diet,1,0,0
312015c00f6652c04c215fbc47488649,MOUSE.H11.Day3,H11,After_Diet,3,0,0
312015c00f6652c04c215fbc47488649,MOUSE.H11.Day7,H11,After_Diet,7,0,0
312015c00f6652c04c215fbc47488649,MOUSE.H12.Day1,H12,After_Diet,1,0,0
312015c00f6652c04c215fbc47488649,MOUSE.H12.Day3,H12,After_Diet,3,0,0
312015c00f6652c04c215fbc47488649,MOUSE.H12.Day7,H12,After_Diet,7,0,0
312015c00f6652c04c215fbc47488649,MOUSE.H13.Day1,H13,After_Diet,1,0,0
312015c00f6652c04c215fbc47488649,MOUSE.H13.Day3,H13,After_Diet,3,0,0
312015c00f6652c04c215fbc47488649,MOUSE.H13.Day7,H13,After_Diet,7,0,0
6a60632ada2f8ad8cb080e7907abda54,MOUSE.G11.Day1,G11,Before_Diet,1,440,0.031851744606920515
6a60632ada2f8ad8cb080e7907abda54,MOUSE.G11.Day3,G11,Before_Diet,3,231,0.01779935275080906
6a60632ada2f8ad8cb080e7907abda54,MOUSE.G11.Day7,G11,Before_Diet,7,0,0
6a60632ada2f8ad8cb080e7907abda54,MOUSE.G12.Day1,G12,Before_Diet,1,259,0.02298544550940717
6a60632ada2f8ad8cb080e7907abda54,MOUSE.G12.Day3,G12,Before_Diet,3,262,0.024005864027854134
6a60632ada2f8ad8cb080e7907abda54,MOUSE.G12.Day7,G12,Before_Diet,7,0,0
6a60632ada2f8ad8cb080e7907abda54,MOUSE.G21.Day1,G21,Before_Diet,1,524,0.043889773012815145
6a60632ada2f8ad8cb080e7907abda54,MOUSE.G21.Day3,G21,Before_Diet,3,218,0.014206581948517432
6a60632ada2f8ad8cb080e7907abda54,MOUSE.G21.Day7,G21,Before_Diet,7,0,0
6a60632ada2f8ad8cb080e7907abda54,MOUSE.H11.Day1,H11,After_Diet,1,569,0.04397897665790694
6a60632ada2f8ad8cb080e7907abda54,MOUSE.H11.Day3,H11,After_Diet,3,71,0.005074328187535735
6a60632ada2f8ad8cb080e7907abda54,MOUSE.H11.Day7,H11,After_Diet,7,0,0
6a60632ada2f8ad8cb080e7907abda54,MOUSE.H12.Day1,H12,After_Diet,1,341,0.027108673185467842
6a60632ada2f8ad8cb080e7907abda54,MOUSE.H12.Day3,H12,After_Diet,3,0,0
6a60632ada2f8ad8cb080e7907abda54,MOUSE.H12.Day7,H12,After_Diet,7,0,0
6a60632ada2f8ad8cb080e7907abda54,MOUSE.H13.Day1,H13,After_Diet,1,645,0.04670866825983055
6a60632ada2f8ad8cb080e7907abda54,MOUSE.H13.Day3,H13,After_Diet,3,0,0
6a60632ada2f8ad8cb080e7907abda54,MOUSE.H13.Day7,H13,After_Diet,7,0,0
d5b22a367668019c66d346e758f7a1ee,MOUSE.G11.Day1,G11,Before_Diet,1,44,0.0031851744606920516
d5b22a367668019c66d346e758f7a1ee,MOUSE.G11.Day3,G11,Before_Diet,3,216,0.016643550624133148
d5b22a367668019c66d346e758f7a1ee,MOUSE.G11.Day7,G11,Before_Diet,7,67,0.005202267256774595
d5b22a367668019c66d346e758f7a1ee,MOUSE.G12.Day1,G12,Before_Diet,1,27,0.0023961661341853034
d5b22a367668019c66d346e758f7a1ee,MOUSE.G12.Day3,G12,Before_Diet,3,154,0.014110317024005864
d5b22a367668019c66d346e758f7a1ee,MOUSE.G12.Day7,G12,Before_Diet,7,93,0.008930286153255234
d5b22a367668019c66d346e758f7a1ee,MOUSE.G21.Day1,G21,Before_Diet,1,104,0.008710947315520563
d5b22a367668019c66d346e758f7a1ee,MOUSE.G21.Day3,G21,Before_Diet,3,449,0.02926034538937765
d5b22a367668019c66d346e758f7a1ee,MOUSE.G21.Day7,G21,Before_Diet,7,89,0.00572384076146376
d5b22a367668019c66d346e758f7a1ee,MOUSE.H11.Day1,H11,After_Diet,1,33,0.0025506260627608593
d5b22a367668019c66d346e758f7a1ee,MOUSE.H11.Day3,H11,After_Diet,3,444,0.03173241852487135
d5b22a367668019c66d346e758f7a1ee,MOUSE.H11.Day7,H11,After_Diet,7,279,0.022550921435499516
d5b22a367668019c66d346e758f7a1ee,MOUSE.H12.Day1,H12,After_Diet,1,0,0
d5b22a367668019c66d346e758f7a1ee,MOUSE.H12.Day3,H12,After_Diet,3,279,0.02068658708385853
d5b22a367668019c66d346e758f7a1ee,MOUSE.H12.Day7,H12,After_Diet,7,669,0.05052870090634441
d5b22a367668019c66d346e758f7a1ee,MOUSE.H13.Day1,H13,After_Diet,1,37,0.0026794119776957057
d5b22a367668019c66d346e758f7a1ee,MOUSE.H13.Day3,H13,After_Diet,3,320,0.024638127502309825
d5b22a367668019c66d346e758f7a1ee,MOUSE.H13.Day7,H13,After_Diet,7,143,0.012100186156710104
7fb9ec6296b13a71a6341ef0be801f54,MOUSE.G11.Day1,G11,Before_Diet,1,0,0
7fb9ec6296b13a71a6341ef0be801f54,MOUSE.G11.Day3,G11,Before_Diet,3,62,0.004777315456927107
7fb9ec6296b13a71a6341ef0be801f54,MOUSE.G11.Day7,G11,Before_Diet,7,690,0.053575588166783136
7fb9ec6296b13a71a6341ef0be801f54,MOUSE.G12.Day1,G12,Before_Diet,1,0,0
7fb9ec6296b13a71a6341ef0be801f54,MOUSE.G12.Day3,G12,Before_Diet,3,50,0.004581271761040865
7fb9ec6296b13a71a6341ef0be801f54,MOUSE.G12.Day7,G12,Before_Diet,7,284,0.027270981371231035
7fb9ec6296b13a71a6341ef0be801f54,MOUSE.G21.Day1,G21,Before_Diet,1,0,0
7fb9ec6296b13a71a6341ef0be801f54,MOUSE.G21.Day3,G21,Before_Diet,3,50,0.0032583903551645487
7fb9ec6296b13a71a6341ef0be801f54,MOUSE.G21.Day7,G21,Before_Diet,7,1271,0.08174159109910605
7fb9ec6296b13a71a6341ef0be801f54,MOUSE.H11.Day1,H11,After_Diet,1,0,0
7fb9ec6296b13a71a6341ef0be801f54,MOUSE.H11.Day3,H11,After_Diet,3,11,7.861635220125787e-4
7fb9ec6296b13a71a6341ef0be801f54,MOUSE.H11.Day7,H11,After_Diet,7,81,0.006547041707080504
7fb9ec6296b13a71a6341ef0be801f54,MOUSE.H12.Day1,H12,After_Diet,1,0,0
7fb9ec6296b13a71a6341ef0be801f54,MOUSE.H12.Day3,H12,After_Diet,3,23,0.0017053458886334989
7fb9ec6296b13a71a6341ef0be801f54,MOUSE.H12.Day7,H12,After_Diet,7,81,0.006117824773413897
7fb9ec6296b13a71a6341ef0be801f54,MOUSE.H13.Day1,H13,After_Diet,1,4,2.896661597508871e-4
7fb9ec6296b13a71a6341ef0be801f54,MOUSE.H13.Day3,H13,After_Diet,3,0,0
7fb9ec6296b13a71a6341ef0be801f54,MOUSE.H13.Day7,H13,After_Diet,7,836,0.0707395498392283
65283b0bd0de81713f5bc31a6ebbf6b2,MOUSE.G11.Day1,G11,Before_Diet,1,0,0
65283b0bd0de81713f5bc31a6ebbf6b2,MOUSE.G11.Day3,G11,Before_Diet,3,0,0
65283b0bd0de81713f5bc31a6ebbf6b2,MOUSE.G11.Day7,G11,Before_Diet,7,0,0
65283b0bd0de81713f5bc31a6ebbf6b2,MOUSE.G12.Day1,G12,Before_Diet,1,0,0
65283b0bd0de81713f5bc31a6ebbf6b2,MOUSE.G12.Day3,G12,Before_Diet,3,0,0
65283b0bd0de81713f5bc31a6ebbf6b2,MOUSE.G12.Day7,G12,Before_Diet,7,0,0
65283b0bd0de81713f5bc31a6ebbf6b2,MOUSE.G21.Day1,G21,Before_Diet,1,0,0
65283b0bd0de81713f5bc31a6ebbf6b2,MOUSE.G21.Day3,G21,Before_Diet,3,0,0
65283b0bd0de81713f5bc31a6ebbf6b2,MOUSE.G21.Day7,G21,Before_Diet,7,0,0
65283b0bd0de81713f5bc31a6ebbf6b2,MOUSE.H11.Day1,H11,After_Diet,1,325,0.02511980213325089
65283b0bd0de81713f5bc31a6ebbf6b2,MOUSE.H11.Day3,H11,After_Diet,3,0,0
65283b0bd0de81713f5bc31a6ebbf6b2,MOUSE.H11.Day7,H11,After_Diet,7,0,0
65283b0bd0de81713f5bc31a6ebbf6b2,MOUSE.H12.Day1,H12,After_Diet,1,868,0.06900389538119088
65283b0bd0de81713f5bc31a6ebbf6b2,MOUSE.H12.Day3,H12,After_Diet,3,0,0
65283b0bd0de81713f5bc31a6ebbf6b2,MOUSE.H12.Day7,H12,After_Diet,7,0,0
65283b0bd0de81713f5bc31a6ebbf6b2,MOUSE.H13.Day1,H13,After_Diet,1,1778,0.12875660800926933
65283b0bd0de81713f5bc31a6ebbf6b2,MOUSE.H13.Day3,H13,After_Diet,3,0,0
65283b0bd0de81713f5bc31a6ebbf6b2,MOUSE.H13.Day7,H13,After_Diet,7,0,0
7c60bd2ffe3eed870549edc57875acf8,MOUSE.G11.Day1,G11,Before_Diet,1,0,0
7c60bd2ffe3eed870549edc57875acf8,MOUSE.G11.Day3,G11,Before_Diet,3,4,3.082139004469102e-4
7c60bd2ffe3eed870549edc57875acf8,MOUSE.G11.Day7,G11,Before_Diet,7,0,0
7c60bd2ffe3eed870549edc57875acf8,MOUSE.G12.Day1,G12,Before_Diet,1,0,0
7c60bd2ffe3eed870549edc57875acf8,MOUSE.G12.Day3,G12,Before_Diet,3,0,0
7c60bd2ffe3eed870549edc57875acf8,MOUSE.G12.Day7,G12,Before_Diet,7,0,0
7c60bd2ffe3eed870549edc57875acf8,MOUSE.G21.Day1,G21,Before_Diet,1,0,0
7c60bd2ffe3eed870549edc57875acf8,MOUSE.G21.Day3,G21,Before_Diet,3,307,0.020006516780710328
7c60bd2ffe3eed870549edc57875acf8,MOUSE.G21.Day7,G21,Before_Diet,7,289,0.018586404270371084
7c60bd2ffe3eed870549edc57875acf8,MOUSE.H11.Day1,H11,After_Diet,1,76,0.005874169114237131
7c60bd2ffe3eed870549edc57875acf8,MOUSE.H11.Day3,H11,After_Diet,3,218,0.015580331618067466
7c60bd2ffe3eed870549edc57875acf8,MOUSE.H11.Day7,H11,After_Diet,7,322,0.026026511477529907
7c60bd2ffe3eed870549edc57875acf8,MOUSE.H12.Day1,H12,After_Diet,1,23,0.0018284442324509103
7c60bd2ffe3eed870549edc57875acf8,MOUSE.H12.Day3,H12,After_Diet,3,296,0.021947060131978943
7c60bd2ffe3eed870549edc57875acf8,MOUSE.H12.Day7,H12,After_Diet,7,396,0.029909365558912385
7c60bd2ffe3eed870549edc57875acf8,MOUSE.H13.Day1,H13,After_Diet,1,10,7.241653993772177e-4
7c60bd2ffe3eed870549edc57875acf8,MOUSE.H13.Day3,H13,After_Diet,3,213,0.016399753618724977
7c60bd2ffe3eed870549edc57875acf8,MOUSE.H13.Day7,H13,After_Diet,7,397,0.03359282450499238
c3342d2a9a35fb23f494d299efedfcb9,MOUSE.G11.Day1,G11,Before_Diet,1,0,0
c3342d2a9a35fb23f494d299efedfcb9,MOUSE.G11.Day3,G11,Before_Diet,3,0,0
c3342d2a9a35fb23f494d299efedfcb9,MOUSE.G11.Day7,G11,Before_Diet,7,4,3.1058311980743846e-4
c3342d2a9a35fb23f494d299efedfcb9,MOUSE.G12.Day1,G12,Before_Diet,1,164,0.01455449059282925
c3342d2a9a35fb23f494d299efedfcb9,MOUSE.G12.Day3,G12,Before_Diet,3,30,0.002748763056624519
c3342d2a9a35fb23f494d299efedfcb9,MOUSE.G12.Day7,G12,Before_Diet,7,12,0.0011522949875168043
c3342d2a9a35fb23f494d299efedfcb9,MOUSE.G21.Day1,G21,Before_Diet,1,0,0
c3342d2a9a35fb23f494d299efedfcb9,MOUSE.G21.Day3,G21,Before_Diet,3,0,0
c3342d2a9a35fb23f494d299efedfcb9,MOUSE.G21.Day7,G21,Before_Diet,7,0,0
c3342d2a9a35fb23f494d299efedfcb9,MOUSE.H11.Day1,H11,After_Diet,1,602,0.0465296027206678
c3342d2a9a35fb23f494d299efedfcb9,MOUSE.H11.Day3,H11,After_Diet,3,48,0.003430531732418525
c3342d2a9a35fb23f494d299efedfcb9,MOUSE.H11.Day7,H11,After_Diet,7,0,0
c3342d2a9a35fb23f494d299efedfcb9,MOUSE.H12.Day1,H12,After_Diet,1,626,0.04976548215279434
c3342d2a9a35fb23f494d299efedfcb9,MOUSE.H12.Day3,H12,After_Diet,3,27,0.00200192778230889
c3342d2a9a35fb23f494d299efedfcb9,MOUSE.H12.Day7,H12,After_Diet,7,0,0
c3342d2a9a35fb23f494d299efedfcb9,MOUSE.H13.Day1,H13,After_Diet,1,984,0.07125787529871823
c3342d2a9a35fb23f494d299efedfcb9,MOUSE.H13.Day3,H13,After_Diet,3,18,0.0013858946720049275
c3342d2a9a35fb23f494d299efedfcb9,MOUSE.H13.Day7,H13,After_Diet,7,0,0
5401edfc1902e0f71700034ae1f78eb1,MOUSE.G11.Day1,G11,Before_Diet,1,0,0
5401edfc1902e0f71700034ae1f78eb1,MOUSE.G11.Day3,G11,Before_Diet,3,0,0
5401edfc1902e0f71700034ae1f78eb1,MOUSE.G11.Day7,G11,Before_Diet,7,0,0
5401edfc1902e0f71700034ae1f78eb1,MOUSE.G12.Day1,G12,Before_Diet,1,0,0
5401edfc1902e0f71700034ae1f78eb1,MOUSE.G12.Day3,G12,Before_Diet,3,90,0.008246289169873557
5401edfc1902e0f71700034ae1f78eb1,MOUSE.G12.Day7,G12,Before_Diet,7,0,0
5401edfc1902e0f71700034ae1f78eb1,MOUSE.G21.Day1,G21,Before_Diet,1,0,0
5401edfc1902e0f71700034ae1f78eb1,MOUSE.G21.Day3,G21,Before_Diet,3,0,0
5401edfc1902e0f71700034ae1f78eb1,MOUSE.G21.Day7,G21,Before_Diet,7,0,0
5401edfc1902e0f71700034ae1f78eb1,MOUSE.H11.Day1,H11,After_Diet,1,0,0
5401edfc1902e0f71700034ae1f78eb1,MOUSE.H11.Day3,H11,After_Diet,3,220,0.015723270440251572
5401edfc1902e0f71700034ae1f78eb1,MOUSE.H11.Day7,H11,After_Diet,7,214,0.0172971225347559
5401edfc1902e0f71700034ae1f78eb1,MOUSE.H12.Day1,H12,After_Diet,1,0,0
5401edfc1902e0f71700034ae1f78eb1,MOUSE.H12.Day3,H12,After_Diet,3,324,0.02402313338770668
5401edfc1902e0f71700034ae1f78eb1,MOUSE.H12.Day7,H12,After_Diet,7,779,0.0588368580060423
5401edfc1902e0f71700034ae1f78eb1,MOUSE.H13.Day1,H13,After_Diet,1,0,0
5401edfc1902e0f71700034ae1f78eb1,MOUSE.H13.Day3,H13,After_Diet,3,222,0.017092700954727442
5401edfc1902e0f71700034ae1f78eb1,MOUSE.H13.Day7,H13,After_Diet,7,389,0.032915891013707906
083df9ad87247751a70a15c82f7faab2,MOUSE.G11.Day1,G11,Before_Diet,1,184,0.013319820471984942
083df9ad87247751a70a15c82f7faab2,MOUSE.G11.Day3,G11,Before_Diet,3,71,0.0054707967329326555
083df9ad87247751a70a15c82f7faab2,MOUSE.G11.Day7,G11,Before_Diet,7,93,0.007221057535522944
083df9ad87247751a70a15c82f7faab2,MOUSE.G12.Day1,G12,Before_Diet,1,135,0.011980830670926517
083df9ad87247751a70a15c82f7faab2,MOUSE.G12.Day3,G12,Before_Diet,3,80,0.007330034817665384
083df9ad87247751a70a15c82f7faab2,MOUSE.G12.Day7,G12,Before_Diet,7,53,0.005089302861532552
083df9ad87247751a70a15c82f7faab2,MOUSE.G21.Day1,G21,Before_Diet,1,187,0.015662953346176397
083df9ad87247751a70a15c82f7faab2,MOUSE.G21.Day3,G21,Before_Diet,3,105,0.006842619745845552
083df9ad87247751a70a15c82f7faab2,MOUSE.G21.Day7,G21,Before_Diet,7,54,0.003472892147404978
083df9ad87247751a70a15c82f7faab2,MOUSE.H11.Day1,H11,After_Diet,1,180,0.013912505796877415
083df9ad87247751a70a15c82f7faab2,MOUSE.H11.Day3,H11,After_Diet,3,13,9.291023441966839e-4
083df9ad87247751a70a15c82f7faab2,MOUSE.H11.Day7,H11,After_Diet,7,72,0.005819592628516004
083df9ad87247751a70a15c82f7faab2,MOUSE.H12.Day1,H12,After_Diet,1,97,0.007711264806423404
083df9ad87247751a70a15c82f7faab2,MOUSE.H12.Day3,H12,After_Diet,3,119,0.008823311336842886
083df9ad87247751a70a15c82f7faab2,MOUSE.H12.Day7,H12,After_Diet,7,89,0.0067220543806646525
083df9ad87247751a70a15c82f7faab2,MOUSE.H13.Day1,H13,After_Diet,1,193,0.013976392207980302
083df9ad87247751a70a15c82f7faab2,MOUSE.H13.Day3,H13,After_Diet,3,249,0.019171542962734833
083df9ad87247751a70a15c82f7faab2,MOUSE.H13.Day7,H13,After_Diet,7,194,0.01641563716364867
1893fc5edfb6cf17665c186c5315ec9e,MOUSE.G11.Day1,G11,Before_Diet,1,0,0
1893fc5edfb6cf17665c186c5315ec9e,MOUSE.G11.Day3,G11,Before_Diet,3,0,0
1893fc5edfb6cf17665c186c5315ec9e,MOUSE.G11.Day7,G11,Before_Diet,7,81,0.006289308176100629
1893fc5edfb6cf17665c186c5315ec9e,MOUSE.G12.Day1,G12,Before_Diet,1,0,0
1893fc5edfb6cf17665c186c5315ec9e,MOUSE.G12.Day3,G12,Before_Diet,3,0,0
1893fc5edfb6cf17665c186c5315ec9e,MOUSE.G12.Day7,G12,Before_Diet,7,106,0.010178605723065105
1893fc5edfb6cf17665c186c5315ec9e,MOUSE.G21.Day1,G21,Before_Diet,1,0,0
1893fc5edfb6cf17665c186c5315ec9e,MOUSE.G21.Day3,G21,Before_Diet,3,0,0
1893fc5edfb6cf17665c186c5315ec9e,MOUSE.G21.Day7,G21,Before_Diet,7,283,0.018200527365103865
1893fc5edfb6cf17665c186c5315ec9e,MOUSE.H11.Day1,H11,After_Diet,1,0,0
1893fc5edfb6cf17665c186c5315ec9e,MOUSE.H11.Day3,H11,After_Diet,3,451,0.03223270440251572
1893fc5edfb6cf17665c186c5315ec9e,MOUSE.H11.Day7,H11,After_Diet,7,394,0.03184610410604591
1893fc5edfb6cf17665c186c5315ec9e,MOUSE.H12.Day1,H12,After_Diet,1,0,0
1893fc5edfb6cf17665c186c5315ec9e,MOUSE.H12.Day3,H12,After_Diet,3,326,0.024171424334544375
1893fc5edfb6cf17665c186c5315ec9e,MOUSE.H12.Day7,H12,After_Diet,7,144,0.010876132930513595
1893fc5edfb6cf17665c186c5315ec9e,MOUSE.H13.Day1,H13,After_Diet,1,0,0
1893fc5edfb6cf17665c186c5315ec9e,MOUSE.H13.Day3,H13,After_Diet,3,361,0.02779488758854327
1893fc5edfb6cf17665c186c5315ec9e,MOUSE.H13.Day7,H13,After_Diet,7,0,0
e6c2c9f098498f01c71f0666642021ab,MOUSE.G11.Day1,G11,Before_Diet,1,0,0
e6c2c9f098498f01c71f0666642021ab,MOUSE.G11.Day3,G11,Before_Diet,3,0,0
e6c2c9f098498f01c71f0666642021ab,MOUSE.G11.Day7,G11,Before_Diet,7,0,0
e6c2c9f098498f01c71f0666642021ab,MOUSE.G12.Day1,G12,Before_Diet,1,0,0
e6c2c9f098498f01c71f0666642021ab,MOUSE.G12.Day3,G12,Before_Diet,3,0,0
e6c2c9f098498f01c71f0666642021ab,MOUSE.G12.Day7,G12,Before_Diet,7,0,0
e6c2c9f098498f01c71f0666642021ab,MOUSE.G21.Day1,G21,Before_Diet,1,0,0
e6c2c9f098498f01c71f0666642021ab,MOUSE.G21.Day3,G21,Before_Diet,3,0,0
e6c2c9f098498f01c71f0666642021ab,MOUSE.G21.Day7,G21,Before_Diet,7,0,0
e6c2c9f098498f01c71f0666642021ab,MOUSE.H11.Day1,H11,After_Diet,1,106,0.008192920080383366
e6c2c9f098498f01c71f0666642021ab,MOUSE.H11.Day3,H11,After_Diet,3,257,0.01836763865065752
e6c2c9f098498f01c71f0666642021ab,MOUSE.H11.Day7,H11,After_Diet,7,448,0.036210798577432916
e6c2c9f098498f01c71f0666642021ab,MOUSE.H12.Day1,H12,After_Diet,1,87,0.006916289053183878
e6c2c9f098498f01c71f0666642021ab,MOUSE.H12.Day3,H12,After_Diet,3,235,0.017424186253429227
e6c2c9f098498f01c71f0666642021ab,MOUSE.H12.Day7,H12,After_Diet,7,255,0.019259818731117824
e6c2c9f098498f01c71f0666642021ab,MOUSE.H13.Day1,H13,After_Diet,1,101,0.007314070533709899
e6c2c9f098498f01c71f0666642021ab,MOUSE.H13.Day3,H13,After_Diet,3,337,0.025947028025870032
e6c2c9f098498f01c71f0666642021ab,MOUSE.H13.Day7,H13,After_Diet,7,316,0.02673887290573701
8973930aa41c61b0940c217d90b1513d,MOUSE.G11.Day1,G11,Before_Diet,1,0,0
8973930aa41c61b0940c217d90b1513d,MOUSE.G11.Day3,G11,Before_Diet,3,0,0
8973930aa41c61b0940c217d90b1513d,MOUSE.G11.Day7,G11,Before_Diet,7,290,0.022517276186039287
8973930aa41c61b0940c217d90b1513d,MOUSE.G12.Day1,G12,Before_Diet,1,0,0
8973930aa41c61b0940c217d90b1513d,MOUSE.G12.Day3,G12,Before_Diet,3,0,0
8973930aa41c61b0940c217d90b1513d,MOUSE.G12.Day7,G12,Before_Diet,7,1293,0.12415978490493566
8973930aa41c61b0940c217d90b1513d,MOUSE.G21.Day1,G21,Before_Diet,1,0,0
8973930aa41c61b0940c217d90b1513d,MOUSE.G21.Day3,G21,Before_Diet,3,0,0
8973930aa41c61b0940c217d90b1513d,MOUSE.G21.Day7,G21,Before_Diet,7,502,0.03228503440735739
8973930aa41c61b0940c217d90b1513d,MOUSE.H11.Day1,H11,After_Diet,1,0,0
8973930aa41c61b0940c217d90b1513d,MOUSE.H11.Day3,H11,After_Diet,3,0,0
8973930aa41c61b0940c217d90b1513d,MOUSE.H11.Day7,H11,After_Diet,7,51,0.004122211445198836
8973930aa41c61b0940c217d90b1513d,MOUSE.H12.Day1,H12,After_Diet,1,0,0
8973930aa41c61b0940c217d90b1513d,MOUSE.H12.Day3,H12,After_Diet,3,0,0
8973930aa41c61b0940c217d90b1513d,MOUSE.H12.Day7,H12,After_Diet,7,0,0
8973930aa41c61b0940c217d90b1513d,MOUSE.H13.Day1,H13,After_Diet,1,0,0
8973930aa41c61b0940c217d90b1513d,MOUSE.H13.Day3,H13,After_Diet,3,0,0
8973930aa41c61b0940c217d90b1513d,MOUSE.H13.Day7,H13,After_Diet,7,0,0
03784364dbfc1f179b36e637b2f6b86d,MOUSE.G11.Day1,G11,Before_Diet,1,0,0
03784364dbfc1f179b36e637b2f6b86d,MOUSE.G11.Day3,G11,Before_Diet,3,193,0.014871320696563415
03784364dbfc1f179b36e637b2f6b86d,MOUSE.G11.Day7,G11,Before_Diet,7,0,0
03784364dbfc1f179b36e637b2f6b86d,MOUSE.G12.Day1,G12,Before_Diet,1,0,0
03784364dbfc1f179b36e637b2f6b86d,MOUSE.G12.Day3,G12,Before_Diet,3,222,0.02034084661902144
03784364dbfc1f179b36e637b2f6b86d,MOUSE.G12.Day7,G12,Before_Diet,7,0,0
03784364dbfc1f179b36e637b2f6b86d,MOUSE.G21.Day1,G21,Before_Diet,1,0,0
03784364dbfc1f179b36e637b2f6b86d,MOUSE.G21.Day3,G21,Before_Diet,3,194,0.012642554578038449
03784364dbfc1f179b36e637b2f6b86d,MOUSE.G21.Day7,G21,Before_Diet,7,0,0
03784364dbfc1f179b36e637b2f6b86d,MOUSE.H11.Day1,H11,After_Diet,1,0,0
03784364dbfc1f179b36e637b2f6b86d,MOUSE.H11.Day3,H11,After_Diet,3,195,0.013936535162950257
03784364dbfc1f179b36e637b2f6b86d,MOUSE.H11.Day7,H11,After_Diet,7,205,0.0165696734561914
03784364dbfc1f179b36e637b2f6b86d,MOUSE.H12.Day1,H12,After_Diet,1,0,0
03784364dbfc1f179b36e637b2f6b86d,MOUSE.H12.Day3,H12,After_Diet,3,260,0.01927782308890042
03784364dbfc1f179b36e637b2f6b86d,MOUSE.H12.Day7,H12,After_Diet,7,328,0.024773413897280966
03784364dbfc1f179b36e637b2f6b86d,MOUSE.H13.Day1,H13,After_Diet,1,0,0
03784364dbfc1f179b36e637b2f6b86d,MOUSE.H13.Day3,H13,After_Diet,3,219,0.016861718509393286
03784364dbfc1f179b36e637b2f6b86d,MOUSE.H13.Day7,H13,After_Diet,7,287,0.024284988999830767
14cef5ce1cc26220f40bcd6adefe3367,MOUSE.G11.Day1,G11,Before_Diet,1,462,0.03344433183726654
14cef5ce1cc26220f40bcd6adefe3367,MOUSE.G11.Day3,G11,Before_Diet,3,0,0
14cef5ce1cc26220f40bcd6adefe3367,MOUSE.G11.Day7,G11,Before_Diet,7,0,0
14cef5ce1cc26220f40bcd6adefe3367,MOUSE.G12.Day1,G12,Before_Diet,1,569,0.0504969826056088
14cef5ce1cc26220f40bcd6adefe3367,MOUSE.G12.Day3,G12,Before_Diet,3,7,6.413780465457211e-4
14cef5ce1cc26220f40bcd6adefe3367,MOUSE.G12.Day7,G12,Before_Diet,7,0,0
14cef5ce1cc26220f40bcd6adefe3367,MOUSE.G21.Day1,G21,Before_Diet,1,269,0.02253120026802915
14cef5ce1cc26220f40bcd6adefe3367,MOUSE.G21.Day3,G21,Before_Diet,3,0,0
14cef5ce1cc26220f40bcd6adefe3367,MOUSE.G21.Day7,G21,Before_Diet,7,0,0
14cef5ce1cc26220f40bcd6adefe3367,MOUSE.H11.Day1,H11,After_Diet,1,164,0.012675838614932756
14cef5ce1cc26220f40bcd6adefe3367,MOUSE.H11.Day3,H11,After_Diet,3,0,0
14cef5ce1cc26220f40bcd6adefe3367,MOUSE.H11.Day7,H11,After_Diet,7,0,0
14cef5ce1cc26220f40bcd6adefe3367,MOUSE.H12.Day1,H12,After_Diet,1,389,0.03092455680101757
14cef5ce1cc26220f40bcd6adefe3367,MOUSE.H12.Day3,H12,After_Diet,3,0,0
14cef5ce1cc26220f40bcd6adefe3367,MOUSE.H12.Day7,H12,After_Diet,7,0,0
14cef5ce1cc26220f40bcd6adefe3367,MOUSE.H13.Day1,H13,After_Diet,1,227,0.016438554565862844
14cef5ce1cc26220f40bcd6adefe3367,MOUSE.H13.Day3,H13,After_Diet,3,0,0
14cef5ce1cc26220f40bcd6adefe3367,MOUSE.H13.Day7,H13,After_Diet,7,0,0
bfb2537fb2c1d66a16022fd3461ce8f0,MOUSE.G11.Day1,G11,Before_Diet,1,108,0.007818155494425945
bfb2537fb2c1d66a16022fd3461ce8f0,MOUSE.G11.Day3,G11,Before_Diet,3,0,0
bfb2537fb2c1d66a16022fd3461ce8f0,MOUSE.G11.Day7,G11,Before_Diet,7,0,0
bfb2537fb2c1d66a16022fd3461ce8f0,MOUSE.G12.Day1,G12,Before_Diet,1,208,0.01845935392261271
bfb2537fb2c1d66a16022fd3461ce8f0,MOUSE.G12.Day3,G12,Before_Diet,3,0,0
bfb2537fb2c1d66a16022fd3461ce8f0,MOUSE.G12.Day7,G12,Before_Diet,7,0,0
bfb2537fb2c1d66a16022fd3461ce8f0,MOUSE.G21.Day1,G21,Before_Diet,1,158,0.01323393919088701
bfb2537fb2c1d66a16022fd3461ce8f0,MOUSE.G21.Day3,G21,Before_Diet,3,0,0
bfb2537fb2c1d66a16022fd3461ce8f0,MOUSE.G21.Day7,G21,Before_Diet,7,0,0
bfb2537fb2c1d66a16022fd3461ce8f0,MOUSE.H11.Day1,H11,After_Diet,1,168,0.01298500541041892
bfb2537fb2c1d66a16022fd3461ce8f0,MOUSE.H11.Day3,H11,After_Diet,3,0,0
bfb2537fb2c1d66a16022fd3461ce8f0,MOUSE.H11.Day7,H11,After_Diet,7,0,0
bfb2537fb2c1d66a16022fd3461ce8f0,MOUSE.H12.Day1,H12,After_Diet,1,1155,0.09181969949916527
bfb2537fb2c1d66a16022fd3461ce8f0,MOUSE.H12.Day3,H12,After_Diet,3,0,0
bfb2537fb2c1d66a16022fd3461ce8f0,MOUSE.H12.Day7,H12,After_Diet,7,0,0
bfb2537fb2c1d66a16022fd3461ce8f0,MOUSE.H13.Day1,H13,After_Diet,1,116,0.008400318632775726
bfb2537fb2c1d66a16022fd3461ce8f0,MOUSE.H13.Day3,H13,After_Diet,3,0,0
bfb2537fb2c1d66a16022fd3461ce8f0,MOUSE.H13.Day7,H13,After_Diet,7,0,0
8bc527366d9a5fc6a41875a240bd2625,MOUSE.G11.Day1,G11,Before_Diet,1,0,0
8bc527366d9a5fc6a41875a240bd2625,MOUSE.G11.Day3,G11,Before_Diet,3,153,0.011789181692094313
8bc527366d9a5fc6a41875a240bd2625,MOUSE.G11.Day7,G11,Before_Diet,7,241,0.018712632968398167
8bc527366d9a5fc6a41875a240bd2625,MOUSE.G12.Day1,G12,Before_Diet,1,0,0
8bc527366d9a5fc6a41875a240bd2625,MOUSE.G12.Day3,G12,Before_Diet,3,100,0.00916254352208173
8bc527366d9a5fc6a41875a240bd2625,MOUSE.G12.Day7,G12,Before_Diet,7,251,0.024102170155559825
8bc527366d9a5fc6a41875a240bd2625,MOUSE.G21.Day1,G21,Before_Diet,1,0,0
8bc527366d9a5fc6a41875a240bd2625,MOUSE.G21.Day3,G21,Before_Diet,3,155,0.010101010101010102
8bc527366d9a5fc6a41875a240bd2625,MOUSE.G21.Day7,G21,Before_Diet,7,421,0.027075696186249918
8bc527366d9a5fc6a41875a240bd2625,MOUSE.H11.Day1,H11,After_Diet,1,0,0
8bc527366d9a5fc6a41875a240bd2625,MOUSE.H11.Day3,H11,After_Diet,3,86,0.006146369353916523
8bc527366d9a5fc6a41875a240bd2625,MOUSE.H11.Day7,H11,After_Diet,7,104,0.008406078241189783
8bc527366d9a5fc6a41875a240bd2625,MOUSE.H12.Day1,H12,After_Diet,1,6,4.769854519437157e-4
8bc527366d9a5fc6a41875a240bd2625,MOUSE.H12.Day3,H12,After_Diet,3,201,0.014903240157188403
8bc527366d9a5fc6a41875a240bd2625,MOUSE.H12.Day7,H12,After_Diet,7,84,0.006344410876132931
8bc527366d9a5fc6a41875a240bd2625,MOUSE.H13.Day1,H13,After_Diet,1,0,0
8bc527366d9a5fc6a41875a240bd2625,MOUSE.H13.Day3,H13,After_Diet,3,0,0
8bc527366d9a5fc6a41875a240bd2625,MOUSE.H13.Day7,H13,After_Diet,7,55,0.004653917752580809
301e5dfd3df8e9494226efb9b5f8c095,MOUSE.G11.Day1,G11,Before_Diet,1,0,0
301e5dfd3df8e9494226efb9b5f8c095,MOUSE.G11.Day3,G11,Before_Diet,3,145,0.011172753891200492
301e5dfd3df8e9494226efb9b5f8c095,MOUSE.G11.Day7,G11,Before_Diet,7,294,0.02282785930584673
301e5dfd3df8e9494226efb9b5f8c095,MOUSE.G12.Day1,G12,Before_Diet,1,0,0
301e5dfd3df8e9494226efb9b5f8c095,MOUSE.G12.Day3,G12,Before_Diet,3,91,0.008337914605094374
301e5dfd3df8e9494226efb9b5f8c095,MOUSE.G12.Day7,G12,Before_Diet,7,208,0.01997311311695794
301e5dfd3df8e9494226efb9b5f8c095,MOUSE.G21.Day1,G21,Before_Diet,1,0,0
301e5dfd3df8e9494226efb9b5f8c095,MOUSE.G21.Day3,G21,Before_Diet,3,196,0.012772890192245031
301e5dfd3df8e9494226efb9b5f8c095,MOUSE.G21.Day7,G21,Before_Diet,7,211,0.013570004501897229
301e5dfd3df8e9494226efb9b5f8c095,MOUSE.H11.Day1,H11,After_Diet,1,70,0.005410418921007884
301e5dfd3df8e9494226efb9b5f8c095,MOUSE.H11.Day3,H11,After_Diet,3,121,0.008647798742138365
301e5dfd3df8e9494226efb9b5f8c095,MOUSE.H11.Day7,H11,After_Diet,7,103,0.008325250565793727
301e5dfd3df8e9494226efb9b5f8c095,MOUSE.H12.Day1,H12,After_Diet,1,44,0.003497893314253915
301e5dfd3df8e9494226efb9b5f8c095,MOUSE.H12.Day3,H12,After_Diet,3,177,0.013123748795136057
301e5dfd3df8e9494226efb9b5f8c095,MOUSE.H12.Day7,H12,After_Diet,7,0,0
301e5dfd3df8e9494226efb9b5f8c095,MOUSE.H13.Day1,H13,After_Diet,1,84,0.006082989354768629
301e5dfd3df8e9494226efb9b5f8c095,MOUSE.H13.Day3,H13,After_Diet,3,98,0.007545426547582384
301e5dfd3df8e9494226efb9b5f8c095,MOUSE.H13.Day7,H13,After_Diet,7,0,0
09384d9a0343c2636fd77155847fbc33,MOUSE.G11.Day1,G11,Before_Diet,1,0,0
09384d9a0343c2636fd77155847fbc33,MOUSE.G11.Day3,G11,Before_Diet,3,0,0
09384d9a0343c2636fd77155847fbc33,MOUSE.G11.Day7,G11,Before_Diet,7,0,0
09384d9a0343c2636fd77155847fbc33,MOUSE.G12.Day1,G12,Before_Diet,1,0,0
09384d9a0343c2636fd77155847fbc33,MOUSE.G12.Day3,G12,Before_Diet,3,0,0
09384d9a0343c2636fd77155847fbc33,MOUSE.G12.Day7,G12,Before_Diet,7,0,0
09384d9a0343c2636fd77155847fbc33,MOUSE.G21.Day1,G21,Before_Diet,1,0,0
09384d9a0343c2636fd77155847fbc33,MOUSE.G21.Day3,G21,Before_Diet,3,0,0
09384d9a0343c2636fd77155847fbc33,MOUSE.G21.Day7,G21,Before_Diet,7,0,0
09384d9a0343c2636fd77155847fbc33,MOUSE.H11.Day1,H11,After_Diet,1,0,0
09384d9a0343c2636fd77155847fbc33,MOUSE.H11.Day3,H11,After_Diet,3,67,0.0047884505431675245
09384d9a0343c2636fd77155847fbc33,MOUSE.H11.Day7,H11,After_Diet,7,1533,0.12390882638215325
09384d9a0343c2636fd77155847fbc33,MOUSE.H12.Day1,H12,After_Diet,1,0,0
09384d9a0343c2636fd77155847fbc33,MOUSE.H12.Day3,H12,After_Diet,3,18,0.00133461852153926
09384d9a0343c2636fd77155847fbc33,MOUSE.H12.Day7,H12,After_Diet,7,0,0
09384d9a0343c2636fd77155847fbc33,MOUSE.H13.Day1,H13,After_Diet,1,0,0
09384d9a0343c2636fd77155847fbc33,MOUSE.H13.Day3,H13,After_Diet,3,0,0
09384d9a0343c2636fd77155847fbc33,MOUSE.H13.Day7,H13,After_Diet,7,0,0
54ab75358f45f0a895dea957ad859cdd,MOUSE.G11.Day1,G11,Before_Diet,1,163,0.01179962357029101
54ab75358f45f0a895dea957ad859cdd,MOUSE.G11.Day3,G11,Before_Diet,3,207,0.0159500693481276
54ab75358f45f0a895dea957ad859cdd,MOUSE.G11.Day7,G11,Before_Diet,7,89,0.006910474415715506
54ab75358f45f0a895dea957ad859cdd,MOUSE.G12.Day1,G12,Before_Diet,1,0,0
54ab75358f45f0a895dea957ad859cdd,MOUSE.G12.Day3,G12,Before_Diet,3,25,0.0022906358805204327
54ab75358f45f0a895dea957ad859cdd,MOUSE.G12.Day7,G12,Before_Diet,7,60,0.005761474937584022
54ab75358f45f0a895dea957ad859cdd,MOUSE.G21.Day1,G21,Before_Diet,1,190,0.015914230672585645
54ab75358f45f0a895dea957ad859cdd,MOUSE.G21.Day3,G21,Before_Diet,3,456,0.029716520039100684
54ab75358f45f0a895dea957ad859cdd,MOUSE.G21.Day7,G21,Before_Diet,7,232,0.014920573670332497
54ab75358f45f0a895dea957ad859cdd,MOUSE.H11.Day1,H11,After_Diet,1,47,0.0036327098469624364
54ab75358f45f0a895dea957ad859cdd,MOUSE.H11.Day3,H11,After_Diet,3,122,0.008719268153230417
54ab75358f45f0a895dea957ad859cdd,MOUSE.H11.Day7,H11,After_Diet,7,0,0
54ab75358f45f0a895dea957ad859cdd,MOUSE.H12.Day1,H12,After_Diet,1,0,0
54ab75358f45f0a895dea957ad859cdd,MOUSE.H12.Day3,H12,After_Diet,3,0,0
54ab75358f45f0a895dea957ad859cdd,MOUSE.H12.Day7,H12,After_Diet,7,0,0
54ab75358f45f0a895dea957ad859cdd,MOUSE.H13.Day1,H13,After_Diet,1,0,0
54ab75358f45f0a895dea957ad859cdd,MOUSE.H13.Day3,H13,After_Diet,3,0,0
54ab75358f45f0a895dea957ad859cdd,MOUSE.H13.Day7,H13,After_Diet,7,0,0
d051e46a2ac73aead2b4a876701c9862,MOUSE.G11.Day1,G11,Before_Diet,1,0,0
d051e46a2ac73aead2b4a876701c9862,MOUSE.G11.Day3,G11,Before_Diet,3,198,0.015256588072122053
d051e46a2ac73aead2b4a876701c9862,MOUSE.G11.Day7,G11,Before_Diet,7,177,0.013743303051479153
d051e46a2ac73aead2b4a876701c9862,MOUSE.G12.Day1,G12,Before_Diet,1,0,0
d051e46a2ac73aead2b4a876701c9862,MOUSE.G12.Day3,G12,Before_Diet,3,350,0.032068902327286056
d051e46a2ac73aead2b4a876701c9862,MOUSE.G12.Day7,G12,Before_Diet,7,114,0.01094680238140964
d051e46a2ac73aead2b4a876701c9862,MOUSE.G21.Day1,G21,Before_Diet,1,0,0
d051e46a2ac73aead2b4a876701c9862,MOUSE.G21.Day3,G21,Before_Diet,3,202,0.013163897034864777
d051e46a2ac73aead2b4a876701c9862,MOUSE.G21.Day7,G21,Before_Diet,7,48,0.003087015242137758
d051e46a2ac73aead2b4a876701c9862,MOUSE.H11.Day1,H11,After_Diet,1,0,0
d051e46a2ac73aead2b4a876701c9862,MOUSE.H11.Day3,H11,After_Diet,3,278,0.019868496283590623
d051e46a2ac73aead2b4a876701c9862,MOUSE.H11.Day7,H11,After_Diet,7,131,0.010588425476883285
d051e46a2ac73aead2b4a876701c9862,MOUSE.H12.Day1,H12,After_Diet,1,0,0
d051e46a2ac73aead2b4a876701c9862,MOUSE.H12.Day3,H12,After_Diet,3,0,0
d051e46a2ac73aead2b4a876701c9862,MOUSE.H12.Day7,H12,After_Diet,7,0,0
d051e46a2ac73aead2b4a876701c9862,MOUSE.H13.Day1,H13,After_Diet,1,0,0
d051e46a2ac73aead2b4a876701c9862,MOUSE.H13.Day3,H13,After_Diet,3,42,0.0032337542346781646
d051e46a2ac73aead2b4a876701c9862,MOUSE.H13.Day7,H13,After_Diet,7,0,0
fddd1737c5cf542d2c4e2f95ea5778b7,MOUSE.G11.Day1,G11,Before_Diet,1,507,0.036701896626610685
fddd1737c5cf542d2c4e2f95ea5778b7,MOUSE.G11.Day3,G11,Before_Diet,3,0,0
fddd1737c5cf542d2c4e2f95ea5778b7,MOUSE.G11.Day7,G11,Before_Diet,7,0,0
fddd1737c5cf542d2c4e2f95ea5778b7,MOUSE.G12.Day1,G12,Before_Diet,1,449,0.039847355342563014
fddd1737c5cf542d2c4e2f95ea5778b7,MOUSE.G12.Day3,G12,Before_Diet,3,0,0
fddd1737c5cf542d2c4e2f95ea5778b7,MOUSE.G12.Day7,G12,Before_Diet,7,0,0
fddd1737c5cf542d2c4e2f95ea5778b7,MOUSE.G21.Day1,G21,Before_Diet,1,455,0.03811039450540246
fddd1737c5cf542d2c4e2f95ea5778b7,MOUSE.G21.Day3,G21,Before_Diet,3,0,0
fddd1737c5cf542d2c4e2f95ea5778b7,MOUSE.G21.Day7,G21,Before_Diet,7,0,0
fddd1737c5cf542d2c4e2f95ea5778b7,MOUSE.H11.Day1,H11,After_Diet,1,0,0
fddd1737c5cf542d2c4e2f95ea5778b7,MOUSE.H11.Day3,H11,After_Diet,3,0,0
fddd1737c5cf542d2c4e2f95ea5778b7,MOUSE.H11.Day7,H11,After_Diet,7,0,0
fddd1737c5cf542d2c4e2f95ea5778b7,MOUSE.H12.Day1,H12,After_Diet,1,0,0
fddd1737c5cf542d2c4e2f95ea5778b7,MOUSE.H12.Day3,H12,After_Diet,3,0,0
fddd1737c5cf542d2c4e2f95ea5778b7,MOUSE.H12.Day7,H12,After_Diet,7,0,0
fddd1737c5cf542d2c4e2f95ea5778b7,MOUSE.H13.Day1,H13,After_Diet,1,64,0.004634658556014194
fddd1737c5cf542d2c4e2f95ea5778b7,MOUSE.H13.Day3,H13,After_Diet,3,0,0
fddd1737c5cf542d2c4e2f95ea5778b7,MOUSE.H13.Day7,H13,After_Diet,7,0,0
55275c7900d36914bcebfaf9cdd89063,MOUSE.G11.Day1,G11,Before_Diet,1,102,0.007383813522513392
55275c7900d36914bcebfaf9cdd89063,MOUSE.G11.Day3,G11,Before_Diet,3,0,0
55275c7900d36914bcebfaf9cdd89063,MOUSE.G11.Day7,G11,Before_Diet,7,13,0.001009395139374175
55275c7900d36914bcebfaf9cdd89063,MOUSE.G12.Day1,G12,Before_Diet,1,74,0.006567270145544906
55275c7900d36914bcebfaf9cdd89063,MOUSE.G12.Day3,G12,Before_Diet,3,9,8.246289169873557e-4
55275c7900d36914bcebfaf9cdd89063,MOUSE.G12.Day7,G12,Before_Diet,7,26,0.0024966391396197426
55275c7900d36914bcebfaf9cdd89063,MOUSE.G21.Day1,G21,Before_Diet,1,86,0.007203283357065081
55275c7900d36914bcebfaf9cdd89063,MOUSE.G21.Day3,G21,Before_Diet,3,0,0
55275c7900d36914bcebfaf9cdd89063,MOUSE.G21.Day7,G21,Before_Diet,7,40,0.002572512701781465
55275c7900d36914bcebfaf9cdd89063,MOUSE.H11.Day1,H11,After_Diet,1,372,0.028752511980213325
55275c7900d36914bcebfaf9cdd89063,MOUSE.H11.Day3,H11,After_Diet,3,114,0.008147512864493996
55275c7900d36914bcebfaf9cdd89063,MOUSE.H11.Day7,H11,After_Diet,7,52,0.004203039120594891
55275c7900d36914bcebfaf9cdd89063,MOUSE.H12.Day1,H12,After_Diet,1,94,0.007472772080451546
55275c7900d36914bcebfaf9cdd89063,MOUSE.H12.Day3,H12,After_Diet,3,79,0.005857492400088975
55275c7900d36914bcebfaf9cdd89063,MOUSE.H12.Day7,H12,After_Diet,7,63,0.004758308157099698
55275c7900d36914bcebfaf9cdd89063,MOUSE.H13.Day1,H13,After_Diet,1,277,0.020059381562748932
55275c7900d36914bcebfaf9cdd89063,MOUSE.H13.Day3,H13,After_Diet,3,25,0.0019248537111179551
55275c7900d36914bcebfaf9cdd89063,MOUSE.H13.Day7,H13,After_Diet,7,0,0
8f2ddb8d1729fc35598d70fbcbd1b1af,MOUSE.G11.Day1,G11,Before_Diet,1,0,0
8f2ddb8d1729fc35598d70fbcbd1b1af,MOUSE.G11.Day3,G11,Before_Diet,3,125,0.009631684388965943
8f2ddb8d1729fc35598d70fbcbd1b1af,MOUSE.G11.Day7,G11,Before_Diet,7,13,0.001009395139374175
8f2ddb8d1729fc35598d70fbcbd1b1af,MOUSE.G12.Day1,G12,Before_Diet,1,0,0
8f2ddb8d1729fc35598d70fbcbd1b1af,MOUSE.G12.Day3,G12,Before_Diet,3,197,0.018050210738501007
8f2ddb8d1729fc35598d70fbcbd1b1af,MOUSE.G12.Day7,G12,Before_Diet,7,0,0
8f2ddb8d1729fc35598d70fbcbd1b1af,MOUSE.G21.Day1,G21,Before_Diet,1,0,0
8f2ddb8d1729fc35598d70fbcbd1b1af,MOUSE.G21.Day3,G21,Before_Diet,3,0,0
8f2ddb8d1729fc35598d70fbcbd1b1af,MOUSE.G21.Day7,G21,Before_Diet,7,0,0
8f2ddb8d1729fc35598d70fbcbd1b1af,MOUSE.H11.Day1,H11,After_Diet,1,0,0
8f2ddb8d1729fc35598d70fbcbd1b1af,MOUSE.H11.Day3,H11,After_Diet,3,133,0.009505431675242995
8f2ddb8d1729fc35598d70fbcbd1b1af,MOUSE.H11.Day7,H11,After_Diet,7,322,0.026026511477529907
8f2ddb8d1729fc35598d70fbcbd1b1af,MOUSE.H12.Day1,H12,After_Diet,1,0,0
8f2ddb8d1729fc35598d70fbcbd1b1af,MOUSE.H12.Day3,H12,After_Diet,3,80,0.0059316378735078225
8f2ddb8d1729fc35598d70fbcbd1b1af,MOUSE.H12.Day7,H12,After_Diet,7,158,0.011933534743202417
8f2ddb8d1729fc35598d70fbcbd1b1af,MOUSE.H13.Day1,H13,After_Diet,1,0,0
8f2ddb8d1729fc35598d70fbcbd1b1af,MOUSE.H13.Day3,H13,After_Diet,3,125,0.009624268555589776
8f2ddb8d1729fc35598d70fbcbd1b1af,MOUSE.H13.Day7,H13,After_Diet,7,219,0.018531054323912676
5cfff44bb08f9f5d10b989ed25420b23,MOUSE.G11.Day1,G11,Before_Diet,1,124,0.008976400752859418
5cfff44bb08f9f5d10b989ed25420b23,MOUSE.G11.Day3,G11,Before_Diet,3,0,0
5cfff44bb08f9f5d10b989ed25420b23,MOUSE.G11.Day7,G11,Before_Diet,7,0,0
5cfff44bb08f9f5d10b989ed25420b23,MOUSE.G12.Day1,G12,Before_Diet,1,115,0.010205892793752218
5cfff44bb08f9f5d10b989ed25420b23,MOUSE.G12.Day3,G12,Before_Diet,3,0,0
5cfff44bb08f9f5d10b989ed25420b23,MOUSE.G12.Day7,G12,Before_Diet,7,0,0
5cfff44bb08f9f5d10b989ed25420b23,MOUSE.G21.Day1,G21,Before_Diet,1,271,0.022698718485635313
5cfff44bb08f9f5d10b989ed25420b23,MOUSE.G21.Day3,G21,Before_Diet,3,0,0
5cfff44bb08f9f5d10b989ed25420b23,MOUSE.G21.Day7,G21,Before_Diet,7,0,0
5cfff44bb08f9f5d10b989ed25420b23,MOUSE.H11.Day1,H11,After_Diet,1,258,0.01994125830885763
5cfff44bb08f9f5d10b989ed25420b23,MOUSE.H11.Day3,H11,After_Diet,3,0,0
5cfff44bb08f9f5d10b989ed25420b23,MOUSE.H11.Day7,H11,After_Diet,7,0,0
5cfff44bb08f9f5d10b989ed25420b23,MOUSE.H12.Day1,H12,After_Diet,1,197,0.015661022338818668
5cfff44bb08f9f5d10b989ed25420b23,MOUSE.H12.Day3,H12,After_Diet,3,0,0
5cfff44bb08f9f5d10b989ed25420b23,MOUSE.H12.Day7,H12,After_Diet,7,0,0
5cfff44bb08f9f5d10b989ed25420b23,MOUSE.H13.Day1,H13,After_Diet,1,385,0.027880367876022882
5cfff44bb08f9f5d10b989ed25420b23,MOUSE.H13.Day3,H13,After_Diet,3,0,0
5cfff44bb08f9f5d10b989ed25420b23,MOUSE.H13.Day7,H13,After_Diet,7,18,0.001523100355390083
39600c8e8b398a60fd265d148da1dfd4,MOUSE.G11.Day1,G11,Before_Diet,1,354,0.025626176342840597
39600c8e8b398a60fd265d148da1dfd4,MOUSE.G11.Day3,G11,Before_Diet,3,0,0
39600c8e8b398a60fd265d148da1dfd4,MOUSE.G11.Day7,G11,Before_Diet,7,0,0
39600c8e8b398a60fd265d148da1dfd4,MOUSE.G12.Day1,G12,Before_Diet,1,318,0.028221512247071354
39600c8e8b398a60fd265d148da1dfd4,MOUSE.G12.Day3,G12,Before_Diet,3,0,0
39600c8e8b398a60fd265d148da1dfd4,MOUSE.G12.Day7,G12,Before_Diet,7,0,0
39600c8e8b398a60fd265d148da1dfd4,MOUSE.G21.Day1,G21,Before_Diet,1,265,0.02219616383281682
39600c8e8b398a60fd265d148da1dfd4,MOUSE.G21.Day3,G21,Before_Diet,3,0,0
39600c8e8b398a60fd265d148da1dfd4,MOUSE.G21.Day7,G21,Before_Diet,7,0,0
39600c8e8b398a60fd265d148da1dfd4,MOUSE.H11.Day1,H11,After_Diet,1,102,0.007883753284897202
39600c8e8b398a60fd265d148da1dfd4,MOUSE.H11.Day3,H11,After_Diet,3,0,0
39600c8e8b398a60fd265d148da1dfd4,MOUSE.H11.Day7,H11,After_Diet,7,0,0
39600c8e8b398a60fd265d148da1dfd4,MOUSE.H12.Day1,H12,After_Diet,1,144,0.011447650846649178
39600c8e8b398a60fd265d148da1dfd4,MOUSE.H12.Day3,H12,After_Diet,3,0,0
39600c8e8b398a60fd265d148da1dfd4,MOUSE.H12.Day7,H12,After_Diet,7,0,0
39600c8e8b398a60fd265d148da1dfd4,MOUSE.H13.Day1,H13,After_Diet,1,93,0.006734738214208125
39600c8e8b398a60fd265d148da1dfd4,MOUSE.H13.Day3,H13,After_Diet,3,0,0
39600c8e8b398a60fd265d148da1dfd4,MOUSE.H13.Day7,H13,After_Diet,7,0,0
fc5cb58eed9cdcf6c1e2cf42772b7019,MOUSE.G11.Day1,G11,Before_Diet,1,204,0.014767627045026785
fc5cb58eed9cdcf6c1e2cf42772b7019,MOUSE.G11.Day3,G11,Before_Diet,3,0,0
fc5cb58eed9cdcf6c1e2cf42772b7019,MOUSE.G11.Day7,G11,Before_Diet,7,0,0
fc5cb58eed9cdcf6c1e2cf42772b7019,MOUSE.G12.Day1,G12,Before_Diet,1,0,0
fc5cb58eed9cdcf6c1e2cf42772b7019,MOUSE.G12.Day3,G12,Before_Diet,3,0,0
fc5cb58eed9cdcf6c1e2cf42772b7019,MOUSE.G12.Day7,G12,Before_Diet,7,0,0
fc5cb58eed9cdcf6c1e2cf42772b7019,MOUSE.G21.Day1,G21,Before_Diet,1,0,0
fc5cb58eed9cdcf6c1e2cf42772b7019,MOUSE.G21.Day3,G21,Before_Diet,3,0,0
fc5cb58eed9cdcf6c1e2cf42772b7019,MOUSE.G21.Day7,G21,Before_Diet,7,0,0
fc5cb58eed9cdcf6c1e2cf42772b7019,MOUSE.H11.Day1,H11,After_Diet,1,216,0.016695006956252898
fc5cb58eed9cdcf6c1e2cf42772b7019,MOUSE.H11.Day3,H11,After_Diet,3,230,0.016437964551172097
fc5cb58eed9cdcf6c1e2cf42772b7019,MOUSE.H11.Day7,H11,After_Diet,7,0,0
fc5cb58eed9cdcf6c1e2cf42772b7019,MOUSE.H12.Day1,H12,After_Diet,1,169,0.013435090229747993
fc5cb58eed9cdcf6c1e2cf42772b7019,MOUSE.H12.Day3,H12,After_Diet,3,0,0
fc5cb58eed9cdcf6c1e2cf42772b7019,MOUSE.H12.Day7,H12,After_Diet,7,0,0
fc5cb58eed9cdcf6c1e2cf42772b7019,MOUSE.H13.Day1,H13,After_Diet,1,189,0.013686726048229415
fc5cb58eed9cdcf6c1e2cf42772b7019,MOUSE.H13.Day3,H13,After_Diet,3,268,0.020634431783184477
fc5cb58eed9cdcf6c1e2cf42772b7019,MOUSE.H13.Day7,H13,After_Diet,7,0,0
f040c07cf2351bdd9cf083012765ff7f,MOUSE.G11.Day1,G11,Before_Diet,1,0,0
f040c07cf2351bdd9cf083012765ff7f,MOUSE.G11.Day3,G11,Before_Diet,3,0,0
f040c07cf2351bdd9cf083012765ff7f,MOUSE.G11.Day7,G11,Before_Diet,7,0,0
f040c07cf2351bdd9cf083012765ff7f,MOUSE.G12.Day1,G12,Before_Diet,1,0,0
f040c07cf2351bdd9cf083012765ff7f,MOUSE.G12.Day3,G12,Before_Diet,3,0,0
f040c07cf2351bdd9cf083012765ff7f,MOUSE.G12.Day7,G12,Before_Diet,7,0,0
f040c07cf2351bdd9cf083012765ff7f,MOUSE.G21.Day1,G21,Before_Diet,1,0,0
f040c07cf2351bdd9cf083012765ff7f,MOUSE.G21.Day3,G21,Before_Diet,3,0,0
f040c07cf2351bdd9cf083012765ff7f,MOUSE.G21.Day7,G21,Before_Diet,7,0,0
f040c07cf2351bdd9cf083012765ff7f,MOUSE.H11.Day1,H11,After_Diet,1,70,0.005410418921007884
f040c07cf2351bdd9cf083012765ff7f,MOUSE.H11.Day3,H11,After_Diet,3,118,0.008433390508862207
f040c07cf2351bdd9cf083012765ff7f,MOUSE.H11.Day7,H11,After_Diet,7,0,0
f040c07cf2351bdd9cf083012765ff7f,MOUSE.H12.Day1,H12,After_Diet,1,0,0
f040c07cf2351bdd9cf083012765ff7f,MOUSE.H12.Day3,H12,After_Diet,3,523,0.03877808259805739
f040c07cf2351bdd9cf083012765ff7f,MOUSE.H12.Day7,H12,After_Diet,7,166,0.012537764350453172
f040c07cf2351bdd9cf083012765ff7f,MOUSE.H13.Day1,H13,After_Diet,1,0,0
f040c07cf2351bdd9cf083012765ff7f,MOUSE.H13.Day3,H13,After_Diet,3,234,0.01801663073606406
f040c07cf2351bdd9cf083012765ff7f,MOUSE.H13.Day7,H13,After_Diet,7,73,0.006177018107970892
33ee551620013ba4a59911753681f71f,MOUSE.G11.Day1,G11,Before_Diet,1,425,0.030765889677139134
33ee551620013ba4a59911753681f71f,MOUSE.G11.Day3,G11,Before_Diet,3,0,0
33ee551620013ba4a59911753681f71f,MOUSE.G11.Day7,G11,Before_Diet,7,0,0
33ee551620013ba4a59911753681f71f,MOUSE.G12.Day1,G12,Before_Diet,1,173,0.015353212637557685
33ee551620013ba4a59911753681f71f,MOUSE.G12.Day3,G12,Before_Diet,3,0,0
33ee551620013ba4a59911753681f71f,MOUSE.G12.Day7,G12,Before_Diet,7,0,0
33ee551620013ba4a59911753681f71f,MOUSE.G21.Day1,G21,Before_Diet,1,329,0.027556746796214088
33ee551620013ba4a59911753681f71f,MOUSE.G21.Day3,G21,Before_Diet,3,0,0
33ee551620013ba4a59911753681f71f,MOUSE.G21.Day7,G21,Before_Diet,7,0,0
33ee551620013ba4a59911753681f71f,MOUSE.H11.Day1,H11,After_Diet,1,0,0
33ee551620013ba4a59911753681f71f,MOUSE.H11.Day3,H11,After_Diet,3,0,0
33ee551620013ba4a59911753681f71f,MOUSE.H11.Day7,H11,After_Diet,7,0,0
33ee551620013ba4a59911753681f71f,MOUSE.H12.Day1,H12,After_Diet,1,71,0.005644327848000636
33ee551620013ba4a59911753681f71f,MOUSE.H12.Day3,H12,After_Diet,3,0,0
33ee551620013ba4a59911753681f71f,MOUSE.H12.Day7,H12,After_Diet,7,0,0
33ee551620013ba4a59911753681f71f,MOUSE.H13.Day1,H13,After_Diet,1,163,0.01180389600984865
33ee551620013ba4a59911753681f71f,MOUSE.H13.Day3,H13,After_Diet,3,0,0
33ee551620013ba4a59911753681f71f,MOUSE.H13.Day7,H13,After_Diet,7,0,0
76a383c13259165357ad6b97f3a96f61,MOUSE.G11.Day1,G11,Before_Diet,1,131,0.009483133053424063
76a383c13259165357ad6b97f3a96f61,MOUSE.G11.Day3,G11,Before_Diet,3,0,0
76a383c13259165357ad6b97f3a96f61,MOUSE.G11.Day7,G11,Before_Diet,7,0,0
76a383c13259165357ad6b97f3a96f61,MOUSE.G12.Day1,G12,Before_Diet,1,309,0.02742279020234292
76a383c13259165357ad6b97f3a96f61,MOUSE.G12.Day3,G12,Before_Diet,3,0,0
76a383c13259165357ad6b97f3a96f61,MOUSE.G12.Day7,G12,Before_Diet,7,0,0
76a383c13259165357ad6b97f3a96f61,MOUSE.G21.Day1,G21,Before_Diet,1,108,0.009045983750732893
76a383c13259165357ad6b97f3a96f61,MOUSE.G21.Day3,G21,Before_Diet,3,0,0
76a383c13259165357ad6b97f3a96f61,MOUSE.G21.Day7,G21,Before_Diet,7,0,0
76a383c13259165357ad6b97f3a96f61,MOUSE.H11.Day1,H11,After_Diet,1,76,0.005874169114237131
76a383c13259165357ad6b97f3a96f61,MOUSE.H11.Day3,H11,After_Diet,3,0,0
76a383c13259165357ad6b97f3a96f61,MOUSE.H11.Day7,H11,After_Diet,7,0,0
76a383c13259165357ad6b97f3a96f61,MOUSE.H12.Day1,H12,After_Diet,1,223,0.017727959297241434
76a383c13259165357ad6b97f3a96f61,MOUSE.H12.Day3,H12,After_Diet,3,0,0
76a383c13259165357ad6b97f3a96f61,MOUSE.H12.Day7,H12,After_Diet,7,0,0
76a383c13259165357ad6b97f3a96f61,MOUSE.H13.Day1,H13,After_Diet,1,135,0.00977623289159244
76a383c13259165357ad6b97f3a96f61,MOUSE.H13.Day3,H13,After_Diet,3,0,0
76a383c13259165357ad6b97f3a96f61,MOUSE.H13.Day7,H13,After_Diet,7,0,0
12944679c7cec084f6e9668b871cc3c5,MOUSE.G11.Day1,G11,Before_Diet,1,0,0
12944679c7cec084f6e9668b871cc3c5,MOUSE.G11.Day3,G11,Before_Diet,3,0,0
12944679c7cec084f6e9668b871cc3c5,MOUSE.G11.Day7,G11,Before_Diet,7,0,0
12944679c7cec084f6e9668b871cc3c5,MOUSE.G12.Day1,G12,Before_Diet,1,58,0.0051473198438054665
12944679c7cec084f6e9668b871cc3c5,MOUSE.G12.Day3,G12,Before_Diet,3,0,0
12944679c7cec084f6e9668b871cc3c5,MOUSE.G12.Day7,G12,Before_Diet,7,0,0
12944679c7cec084f6e9668b871cc3c5,MOUSE.G21.Day1,G21,Before_Diet,1,0,0
12944679c7cec084f6e9668b871cc3c5,MOUSE.G21.Day3,G21,Before_Diet,3,0,0
12944679c7cec084f6e9668b871cc3c5,MOUSE.G21.Day7,G21,Before_Diet,7,0,0
12944679c7cec084f6e9668b871cc3c5,MOUSE.H11.Day1,H11,After_Diet,1,688,0.053176688823620345
12944679c7cec084f6e9668b871cc3c5,MOUSE.H11.Day3,H11,After_Diet,3,0,0
12944679c7cec084f6e9668b871cc3c5,MOUSE.H11.Day7,H11,After_Diet,7,0,0
12944679c7cec084f6e9668b871cc3c5,MOUSE.H12.Day1,H12,After_Diet,1,71,0.005644327848000636
12944679c7cec084f6e9668b871cc3c5,MOUSE.H12.Day3,H12,After_Diet,3,0,0
12944679c7cec084f6e9668b871cc3c5,MOUSE.H12.Day7,H12,After_Diet,7,0,0
12944679c7cec084f6e9668b871cc3c5,MOUSE.H13.Day1,H13,After_Diet,1,91,0.006589905134332681
12944679c7cec084f6e9668b871cc3c5,MOUSE.H13.Day3,H13,After_Diet,3,0,0
12944679c7cec084f6e9668b871cc3c5,MOUSE.H13.Day7,H13,After_Diet,7,0,0
132e1feacf84be1027618dec698ee6c5,MOUSE.G11.Day1,G11,Before_Diet,1,28,0.002026929202258578
132e1feacf84be1027618dec698ee6c5,MOUSE.G11.Day3,G11,Before_Diet,3,81,0.0062413314840499305
132e1feacf84be1027618dec698ee6c5,MOUSE.G11.Day7,G11,Before_Diet,7,353,0.027408960323006444
132e1feacf84be1027618dec698ee6c5,MOUSE.G12.Day1,G12,Before_Diet,1,0,0
132e1feacf84be1027618dec698ee6c5,MOUSE.G12.Day3,G12,Before_Diet,3,12,0.0010995052226498076
132e1feacf84be1027618dec698ee6c5,MOUSE.G12.Day7,G12,Before_Diet,7,144,0.013827539850201652
132e1feacf84be1027618dec698ee6c5,MOUSE.G21.Day1,G21,Before_Diet,1,0,0
132e1feacf84be1027618dec698ee6c5,MOUSE.G21.Day3,G21,Before_Diet,3,121,0.007885304659498209
132e1feacf84be1027618dec698ee6c5,MOUSE.G21.Day7,G21,Before_Diet,7,87,0.0055952151263746865
132e1feacf84be1027618dec698ee6c5,MOUSE.H11.Day1,H11,After_Diet,1,0,0
132e1feacf84be1027618dec698ee6c5,MOUSE.H11.Day3,H11,After_Diet,3,0,0
132e1feacf84be1027618dec698ee6c5,MOUSE.H11.Day7,H11,After_Diet,7,0,0
132e1feacf84be1027618dec698ee6c5,MOUSE.H12.Day1,H12,After_Diet,1,0,0
132e1feacf84be1027618dec698ee6c5,MOUSE.H12.Day3,H12,After_Diet,3,0,0
132e1feacf84be1027618dec698ee6c5,MOUSE.H12.Day7,H12,After_Diet,7,0,0
132e1feacf84be1027618dec698ee6c5,MOUSE.H13.Day1,H13,After_Diet,1,0,0
132e1feacf84be1027618dec698ee6c5,MOUSE.H13.Day3,H13,After_Diet,3,0,0
132e1feacf84be1027618dec698ee6c5,MOUSE.H13.Day7,H13,After_Diet,7,0,0
bf3be6875c2b92070605700aebaac3a8,MOUSE.G11.Day1,G11,Before_Diet,1,0,0
bf3be6875c2b92070605700aebaac3a8,MOUSE.G11.Day3,G11,Before_Diet,3,21,0.0016181229773462784
bf3be6875c2b92070605700aebaac3a8,MOUSE.G11.Day7,G11,Before_Diet,7,178,0.013820948831431012
bf3be6875c2b92070605700aebaac3a8,MOUSE.G12.Day1,G12,Before_Diet,1,0,0
bf3be6875c2b92070605700aebaac3a8,MOUSE.G12.Day3,G12,Before_Diet,3,15,0.0013743815283122594
bf3be6875c2b92070605700aebaac3a8,MOUSE.G12.Day7,G12,Before_Diet,7,111,0.01065872863453044
bf3be6875c2b92070605700aebaac3a8,MOUSE.G21.Day1,G21,Before_Diet,1,0,0
bf3be6875c2b92070605700aebaac3a8,MOUSE.G21.Day3,G21,Before_Diet,3,38,0.002476376669925057
bf3be6875c2b92070605700aebaac3a8,MOUSE.G21.Day7,G21,Before_Diet,7,246,0.01582095311595601
bf3be6875c2b92070605700aebaac3a8,MOUSE.H11.Day1,H11,After_Diet,1,0,0
bf3be6875c2b92070605700aebaac3a8,MOUSE.H11.Day3,H11,After_Diet,3,21,0.0015008576329331046
bf3be6875c2b92070605700aebaac3a8,MOUSE.H11.Day7,H11,After_Diet,7,51,0.004122211445198836
bf3be6875c2b92070605700aebaac3a8,MOUSE.H12.Day1,H12,After_Diet,1,0,0
bf3be6875c2b92070605700aebaac3a8,MOUSE.H12.Day3,H12,After_Diet,3,0,0
bf3be6875c2b92070605700aebaac3a8,MOUSE.H12.Day7,H12,After_Diet,7,0,0
bf3be6875c2b92070605700aebaac3a8,MOUSE.H13.Day1,H13,After_Diet,1,0,0
bf3be6875c2b92070605700aebaac3a8,MOUSE.H13.Day3,H13,After_Diet,3,6,4.619648906683092e-4
bf3be6875c2b92070605700aebaac3a8,MOUSE.H13.Day7,H13,After_Diet,7,0,0
ea3037ab5f8224e332f5d8bd6e0b326e,MOUSE.G11.Day1,G11,Before_Diet,1,0,0
ea3037ab5f8224e332f5d8bd6e0b326e,MOUSE.G11.Day3,G11,Before_Diet,3,0,0
ea3037ab5f8224e332f5d8bd6e0b326e,MOUSE.G11.Day7,G11,Before_Diet,7,0,0
ea3037ab5f8224e332f5d8bd6e0b326e,MOUSE.G12.Day1,G12,Before_Diet,1,0,0
ea3037ab5f8224e332f5d8bd6e0b326e,MOUSE.G12.Day3,G12,Before_Diet,3,0,0
ea3037ab5f8224e332f5d8bd6e0b326e,MOUSE.G12.Day7,G12,Before_Diet,7,0,0
ea3037ab5f8224e332f5d8bd6e0b326e,MOUSE.G21.Day1,G21,Before_Diet,1,0,0
ea3037ab5f8224e332f5d8bd6e0b326e,MOUSE.G21.Day3,G21,Before_Diet,3,0,0
ea3037ab5f8224e332f5d8bd6e0b326e,MOUSE.G21.Day7,G21,Before_Diet,7,0,0
ea3037ab5f8224e332f5d8bd6e0b326e,MOUSE.H11.Day1,H11,After_Diet,1,28,0.0021641675684031534
ea3037ab5f8224e332f5d8bd6e0b326e,MOUSE.H11.Day3,H11,After_Diet,3,83,0.005931961120640366
ea3037ab5f8224e332f5d8bd6e0b326e,MOUSE.H11.Day7,H11,After_Diet,7,55,0.004445522146783058
ea3037ab5f8224e332f5d8bd6e0b326e,MOUSE.H12.Day1,H12,After_Diet,1,0,0
ea3037ab5f8224e332f5d8bd6e0b326e,MOUSE.H12.Day3,H12,After_Diet,3,0,0
ea3037ab5f8224e332f5d8bd6e0b326e,MOUSE.H12.Day7,H12,After_Diet,7,206,0.015558912386706949
ea3037ab5f8224e332f5d8bd6e0b326e,MOUSE.H13.Day1,H13,After_Diet,1,0,0
ea3037ab5f8224e332f5d8bd6e0b326e,MOUSE.H13.Day3,H13,After_Diet,3,0,0
ea3037ab5f8224e332f5d8bd6e0b326e,MOUSE.H13.Day7,H13,After_Diet,7,284,0.024031138940599085
35da7d6c16006d7f9b1c9ef4554163ff,MOUSE.G11.Day1,G11,Before_Diet,1,0,0
35da7d6c16006d7f9b1c9ef4554163ff,MOUSE.G11.Day3,G11,Before_Diet,3,15,0.001155802126675913
35da7d6c16006d7f9b1c9ef4554163ff,MOUSE.G11.Day7,G11,Before_Diet,7,40,0.0031058311980743845
35da7d6c16006d7f9b1c9ef4554163ff,MOUSE.G12.Day1,G12,Before_Diet,1,0,0
35da7d6c16006d7f9b1c9ef4554163ff,MOUSE.G12.Day3,G12,Before_Diet,3,27,0.002473886750962067
35da7d6c16006d7f9b1c9ef4554163ff,MOUSE.G12.Day7,G12,Before_Diet,7,21,0.0020165162281544076
35da7d6c16006d7f9b1c9ef4554163ff,MOUSE.G21.Day1,G21,Before_Diet,1,0,0
35da7d6c16006d7f9b1c9ef4554163ff,MOUSE.G21.Day3,G21,Before_Diet,3,21,0.0013685239491691105
35da7d6c16006d7f9b1c9ef4554163ff,MOUSE.G21.Day7,G21,Before_Diet,7,15,9.646922631680494e-4
35da7d6c16006d7f9b1c9ef4554163ff,MOUSE.H11.Day1,H11,After_Diet,1,32,0.002473334363889318
35da7d6c16006d7f9b1c9ef4554163ff,MOUSE.H11.Day3,H11,After_Diet,3,43,0.0030731846769582617
35da7d6c16006d7f9b1c9ef4554163ff,MOUSE.H11.Day7,H11,After_Diet,7,70,0.0056579372777238925
35da7d6c16006d7f9b1c9ef4554163ff,MOUSE.H12.Day1,H12,After_Diet,1,0,0
35da7d6c16006d7f9b1c9ef4554163ff,MOUSE.H12.Day3,H12,After_Diet,3,36,0.00266923704307852
35da7d6c16006d7f9b1c9ef4554163ff,MOUSE.H12.Day7,H12,After_Diet,7,170,0.01283987915407855
35da7d6c16006d7f9b1c9ef4554163ff,MOUSE.H13.Day1,H13,After_Diet,1,45,0.00325874429719748
35da7d6c16006d7f9b1c9ef4554163ff,MOUSE.H13.Day3,H13,After_Diet,3,0,0
35da7d6c16006d7f9b1c9ef4554163ff,MOUSE.H13.Day7,H13,After_Diet,7,50,0.004230834320528008
1c24ecb8c3468ce68777f7c44e13d60d,MOUSE.G11.Day1,G11,Before_Diet,1,0,0
1c24ecb8c3468ce68777f7c44e13d60d,MOUSE.G11.Day3,G11,Before_Diet,3,0,0
1c24ecb8c3468ce68777f7c44e13d60d,MOUSE.G11.Day7,G11,Before_Diet,7,0,0
1c24ecb8c3468ce68777f7c44e13d60d,MOUSE.G12.Day1,G12,Before_Diet,1,0,0
1c24ecb8c3468ce68777f7c44e13d60d,MOUSE.G12.Day3,G12,Before_Diet,3,0,0
1c24ecb8c3468ce68777f7c44e13d60d,MOUSE.G12.Day7,G12,Before_Diet,7,0,0
1c24ecb8c3468ce68777f7c44e13d60d,MOUSE.G21.Day1,G21,Before_Diet,1,0,0
1c24ecb8c3468ce68777f7c44e13d60d,MOUSE.G21.Day3,G21,Before_Diet,3,23,0.0014988595633756924
1c24ecb8c3468ce68777f7c44e13d60d,MOUSE.G21.Day7,G21,Before_Diet,7,12,7.717538105344395e-4
1c24ecb8c3468ce68777f7c44e13d60d,MOUSE.H11.Day1,H11,After_Diet,1,0,0
1c24ecb8c3468ce68777f7c44e13d60d,MOUSE.H11.Day3,H11,After_Diet,3,170,0.012149799885648942
1c24ecb8c3468ce68777f7c44e13d60d,MOUSE.H11.Day7,H11,After_Diet,7,127,0.010265114775299062
1c24ecb8c3468ce68777f7c44e13d60d,MOUSE.H12.Day1,H12,After_Diet,1,0,0
1c24ecb8c3468ce68777f7c44e13d60d,MOUSE.H12.Day3,H12,After_Diet,3,127,0.009416475124193668
1c24ecb8c3468ce68777f7c44e13d60d,MOUSE.H12.Day7,H12,After_Diet,7,0,0
1c24ecb8c3468ce68777f7c44e13d60d,MOUSE.H13.Day1,H13,After_Diet,1,0,0
1c24ecb8c3468ce68777f7c44e13d60d,MOUSE.H13.Day3,H13,After_Diet,3,70,0.0053895903911302745
1c24ecb8c3468ce68777f7c44e13d60d,MOUSE.H13.Day7,H13,After_Diet,7,0,0
54d18074baf9bd4d574efbdb8545612d,MOUSE.G11.Day1,G11,Before_Diet,1,0,0
54d18074baf9bd4d574efbdb8545612d,MOUSE.G11.Day3,G11,Before_Diet,3,0,0
54d18074baf9bd4d574efbdb8545612d,MOUSE.G11.Day7,G11,Before_Diet,7,165,0.012811553692056837
54d18074baf9bd4d574efbdb8545612d,MOUSE.G12.Day1,G12,Before_Diet,1,0,0
54d18074baf9bd4d574efbdb8545612d,MOUSE.G12.Day3,G12,Before_Diet,3,0,0
54d18074baf9bd4d574efbdb8545612d,MOUSE.G12.Day7,G12,Before_Diet,7,84,0.00806606491261763
54d18074baf9bd4d574efbdb8545612d,MOUSE.G21.Day1,G21,Before_Diet,1,0,0
54d18074baf9bd4d574efbdb8545612d,MOUSE.G21.Day3,G21,Before_Diet,3,0,0
54d18074baf9bd4d574efbdb8545612d,MOUSE.G21.Day7,G21,Before_Diet,7,0,0
54d18074baf9bd4d574efbdb8545612d,MOUSE.H11.Day1,H11,After_Diet,1,0,0
54d18074baf9bd4d574efbdb8545612d,MOUSE.H11.Day3,H11,After_Diet,3,0,0
54d18074baf9bd4d574efbdb8545612d,MOUSE.H11.Day7,H11,After_Diet,7,61,0.004930488199159392
54d18074baf9bd4d574efbdb8545612d,MOUSE.H12.Day1,H12,After_Diet,1,0,0
54d18074baf9bd4d574efbdb8545612d,MOUSE.H12.Day3,H12,After_Diet,3,0,0
54d18074baf9bd4d574efbdb8545612d,MOUSE.H12.Day7,H12,After_Diet,7,0,0
54d18074baf9bd4d574efbdb8545612d,MOUSE.H13.Day1,H13,After_Diet,1,0,0
54d18074baf9bd4d574efbdb8545612d,MOUSE.H13.Day3,H13,After_Diet,3,0,0
54d18074baf9bd4d574efbdb8545612d,MOUSE.H13.Day7,H13,After_Diet,7,202,0.017092570654933154
b37c72712ed67b5df6653cd80fae6703,MOUSE.G11.Day1,G11,Before_Diet,1,164,0.011872013898943101
b37c72712ed67b5df6653cd80fae6703,MOUSE.G11.Day3,G11,Before_Diet,3,0,0
b37c72712ed67b5df6653cd80fae6703,MOUSE.G11.Day7,G11,Before_Diet,7,0,0
b37c72712ed67b5df6653cd80fae6703,MOUSE.G12.Day1,G12,Before_Diet,1,38,0.0033723819666311677
b37c72712ed67b5df6653cd80fae6703,MOUSE.G12.Day3,G12,Before_Diet,3,0,0
b37c72712ed67b5df6653cd80fae6703,MOUSE.G12.Day7,G12,Before_Diet,7,0,0
b37c72712ed67b5df6653cd80fae6703,MOUSE.G21.Day1,G21,Before_Diet,1,144,0.012061311667643857
b37c72712ed67b5df6653cd80fae6703,MOUSE.G21.Day3,G21,Before_Diet,3,0,0
b37c72712ed67b5df6653cd80fae6703,MOUSE.G21.Day7,G21,Before_Diet,7,0,0
b37c72712ed67b5df6653cd80fae6703,MOUSE.H11.Day1,H11,After_Diet,1,27,0.0020868758695316123
b37c72712ed67b5df6653cd80fae6703,MOUSE.H11.Day3,H11,After_Diet,3,52,0.0037164093767867354
b37c72712ed67b5df6653cd80fae6703,MOUSE.H11.Day7,H11,After_Diet,7,0,0
b37c72712ed67b5df6653cd80fae6703,MOUSE.H12.Day1,H12,After_Diet,1,0,0
b37c72712ed67b5df6653cd80fae6703,MOUSE.H12.Day3,H12,After_Diet,3,35,0.002595091569659672
b37c72712ed67b5df6653cd80fae6703,MOUSE.H12.Day7,H12,After_Diet,7,0,0
b37c72712ed67b5df6653cd80fae6703,MOUSE.H13.Day1,H13,After_Diet,1,19,0.0013759142588167137
b37c72712ed67b5df6653cd80fae6703,MOUSE.H13.Day3,H13,After_Diet,3,24,0.0018478595626732369
b37c72712ed67b5df6653cd80fae6703,MOUSE.H13.Day7,H13,After_Diet,7,0,0
efbbaa125047dd0f924d85fe83d5b4bc,MOUSE.G11.Day1,G11,Before_Diet,1,0,0
efbbaa125047dd0f924d85fe83d5b4bc,MOUSE.G11.Day3,G11,Before_Diet,3,0,0
efbbaa125047dd0f924d85fe83d5b4bc,MOUSE.G11.Day7,G11,Before_Diet,7,0,0
efbbaa125047dd0f924d85fe83d5b4bc,MOUSE.G12.Day1,G12,Before_Diet,1,0,0
efbbaa125047dd0f924d85fe83d5b4bc,MOUSE.G12.Day3,G12,Before_Diet,3,0,0
efbbaa125047dd0f924d85fe83d5b4bc,MOUSE.G12.Day7,G12,Before_Diet,7,0,0
efbbaa125047dd0f924d85fe83d5b4bc,MOUSE.G21.Day1,G21,Before_Diet,1,0,0
efbbaa125047dd0f924d85fe83d5b4bc,MOUSE.G21.Day3,G21,Before_Diet,3,0,0
efbbaa125047dd0f924d85fe83d5b4bc,MOUSE.G21.Day7,G21,Before_Diet,7,0,0
efbbaa125047dd0f924d85fe83d5b4bc,MOUSE.H11.Day1,H11,After_Diet,1,40,0.003091667954861648
efbbaa125047dd0f924d85fe83d5b4bc,MOUSE.H11.Day3,H11,After_Diet,3,264,0.018867924528301886
efbbaa125047dd0f924d85fe83d5b4bc,MOUSE.H11.Day7,H11,After_Diet,7,35,0.0028289686388619463
efbbaa125047dd0f924d85fe83d5b4bc,MOUSE.H12.Day1,H12,After_Diet,1,13,0.001033468479211384
efbbaa125047dd0f924d85fe83d5b4bc,MOUSE.H12.Day3,H12,After_Diet,3,18,0.00133461852153926
efbbaa125047dd0f924d85fe83d5b4bc,MOUSE.H12.Day7,H12,After_Diet,7,0,0
efbbaa125047dd0f924d85fe83d5b4bc,MOUSE.H13.Day1,H13,After_Diet,1,24,0.0017379969585053225
efbbaa125047dd0f924d85fe83d5b4bc,MOUSE.H13.Day3,H13,After_Diet,3,97,0.007468432399137665
efbbaa125047dd0f924d85fe83d5b4bc,MOUSE.H13.Day7,H13,After_Diet,7,0,0
e1ae135e8d8d049c5d3367603fd1d547,MOUSE.G11.Day1,G11,Before_Diet,1,176,0.012740697842768206
e1ae135e8d8d049c5d3367603fd1d547,MOUSE.G11.Day3,G11,Before_Diet,3,0,0
e1ae135e8d8d049c5d3367603fd1d547,MOUSE.G11.Day7,G11,Before_Diet,7,0,0
e1ae135e8d8d049c5d3367603fd1d547,MOUSE.G12.Day1,G12,Before_Diet,1,170,0.01508697195598154
e1ae135e8d8d049c5d3367603fd1d547,MOUSE.G12.Day3,G12,Before_Diet,3,0,0
e1ae135e8d8d049c5d3367603fd1d547,MOUSE.G12.Day7,G12,Before_Diet,7,0,0
e1ae135e8d8d049c5d3367603fd1d547,MOUSE.G21.Day1,G21,Before_Diet,1,140,0.011726275232431527
e1ae135e8d8d049c5d3367603fd1d547,MOUSE.G21.Day3,G21,Before_Diet,3,0,0
e1ae135e8d8d049c5d3367603fd1d547,MOUSE.G21.Day7,G21,Before_Diet,7,0,0
e1ae135e8d8d049c5d3367603fd1d547,MOUSE.H11.Day1,H11,After_Diet,1,0,0
e1ae135e8d8d049c5d3367603fd1d547,MOUSE.H11.Day3,H11,After_Diet,3,0,0
e1ae135e8d8d049c5d3367603fd1d547,MOUSE.H11.Day7,H11,After_Diet,7,0,0
e1ae135e8d8d049c5d3367603fd1d547,MOUSE.H12.Day1,H12,After_Diet,1,0,0
e1ae135e8d8d049c5d3367603fd1d547,MOUSE.H12.Day3,H12,After_Diet,3,0,0
e1ae135e8d8d049c5d3367603fd1d547,MOUSE.H12.Day7,H12,After_Diet,7,0,0
e1ae135e8d8d049c5d3367603fd1d547,MOUSE.H13.Day1,H13,After_Diet,1,0,0
e1ae135e8d8d049c5d3367603fd1d547,MOUSE.H13.Day3,H13,After_Diet,3,0,0
e1ae135e8d8d049c5d3367603fd1d547,MOUSE.H13.Day7,H13,After_Diet,7,0,0
b2f02683ddf708b68b721a662d52d4bd,MOUSE.G11.Day1,G11,Before_Diet,1,0,0
b2f02683ddf708b68b721a662d52d4bd,MOUSE.G11.Day3,G11,Before_Diet,3,0,0
b2f02683ddf708b68b721a662d52d4bd,MOUSE.G11.Day7,G11,Before_Diet,7,0,0
b2f02683ddf708b68b721a662d52d4bd,MOUSE.G12.Day1,G12,Before_Diet,1,0,0
b2f02683ddf708b68b721a662d52d4bd,MOUSE.G12.Day3,G12,Before_Diet,3,0,0
b2f02683ddf708b68b721a662d52d4bd,MOUSE.G12.Day7,G12,Before_Diet,7,0,0
b2f02683ddf708b68b721a662d52d4bd,MOUSE.G21.Day1,G21,Before_Diet,1,0,0
b2f02683ddf708b68b721a662d52d4bd,MOUSE.G21.Day3,G21,Before_Diet,3,0,0
b2f02683ddf708b68b721a662d52d4bd,MOUSE.G21.Day7,G21,Before_Diet,7,0,0
b2f02683ddf708b68b721a662d52d4bd,MOUSE.H11.Day1,H11,After_Diet,1,0,0
b2f02683ddf708b68b721a662d52d4bd,MOUSE.H11.Day3,H11,After_Diet,3,0,0
b2f02683ddf708b68b721a662d52d4bd,MOUSE.H11.Day7,H11,After_Diet,7,436,0.035240866472680245
b2f02683ddf708b68b721a662d52d4bd,MOUSE.H12.Day1,H12,After_Diet,1,0,0
b2f02683ddf708b68b721a662d52d4bd,MOUSE.H12.Day3,H12,After_Diet,3,0,0
b2f02683ddf708b68b721a662d52d4bd,MOUSE.H12.Day7,H12,After_Diet,7,0,0
b2f02683ddf708b68b721a662d52d4bd,MOUSE.H13.Day1,H13,After_Diet,1,0,0
b2f02683ddf708b68b721a662d52d4bd,MOUSE.H13.Day3,H13,After_Diet,3,0,0
b2f02683ddf708b68b721a662d52d4bd,MOUSE.H13.Day7,H13,After_Diet,7,0,0
2e06967e2e007cdf24f6ef310ec6d63d,MOUSE.G11.Day1,G11,Before_Diet,1,57,0.004126248733169248
2e06967e2e007cdf24f6ef310ec6d63d,MOUSE.G11.Day3,G11,Before_Diet,3,0,0
2e06967e2e007cdf24f6ef310ec6d63d,MOUSE.G11.Day7,G11,Before_Diet,7,0,0
2e06967e2e007cdf24f6ef310ec6d63d,MOUSE.G12.Day1,G12,Before_Diet,1,92,0.008164714235001775
2e06967e2e007cdf24f6ef310ec6d63d,MOUSE.G12.Day3,G12,Before_Diet,3,0,0
2e06967e2e007cdf24f6ef310ec6d63d,MOUSE.G12.Day7,G12,Before_Diet,7,0,0
2e06967e2e007cdf24f6ef310ec6d63d,MOUSE.G21.Day1,G21,Before_Diet,1,0,0
2e06967e2e007cdf24f6ef310ec6d63d,MOUSE.G21.Day3,G21,Before_Diet,3,0,0
2e06967e2e007cdf24f6ef310ec6d63d,MOUSE.G21.Day7,G21,Before_Diet,7,0,0
2e06967e2e007cdf24f6ef310ec6d63d,MOUSE.H11.Day1,H11,After_Diet,1,42,0.00324625135260473
2e06967e2e007cdf24f6ef310ec6d63d,MOUSE.H11.Day3,H11,After_Diet,3,0,0
2e06967e2e007cdf24f6ef310ec6d63d,MOUSE.H11.Day7,H11,After_Diet,7,0,0
2e06967e2e007cdf24f6ef310ec6d63d,MOUSE.H12.Day1,H12,After_Diet,1,213,0.016932983544001908
2e06967e2e007cdf24f6ef310ec6d63d,MOUSE.H12.Day3,H12,After_Diet,3,0,0
2e06967e2e007cdf24f6ef310ec6d63d,MOUSE.H12.Day7,H12,After_Diet,7,0,0
2e06967e2e007cdf24f6ef310ec6d63d,MOUSE.H13.Day1,H13,After_Diet,1,24,0.0017379969585053225
2e06967e2e007cdf24f6ef310ec6d63d,MOUSE.H13.Day3,H13,After_Diet,3,0,0
2e06967e2e007cdf24f6ef310ec6d63d,MOUSE.H13.Day7,H13,After_Diet,7,0,0
6075297080c6b17dd53eedfcb7a52289,MOUSE.G11.Day1,G11,Before_Diet,1,0,0
6075297080c6b17dd53eedfcb7a52289,MOUSE.G11.Day3,G11,Before_Diet,3,0,0
6075297080c6b17dd53eedfcb7a52289,MOUSE.G11.Day7,G11,Before_Diet,7,0,0
6075297080c6b17dd53eedfcb7a52289,MOUSE.G12.Day1,G12,Before_Diet,1,0,0
6075297080c6b17dd53eedfcb7a52289,MOUSE.G12.Day3,G12,Before_Diet,3,0,0
6075297080c6b17dd53eedfcb7a52289,MOUSE.G12.Day7,G12,Before_Diet,7,0,0
6075297080c6b17dd53eedfcb7a52289,MOUSE.G21.Day1,G21,Before_Diet,1,0,0
6075297080c6b17dd53eedfcb7a52289,MOUSE.G21.Day3,G21,Before_Diet,3,0,0
6075297080c6b17dd53eedfcb7a52289,MOUSE.G21.Day7,G21,Before_Diet,7,0,0
6075297080c6b17dd53eedfcb7a52289,MOUSE.H11.Day1,H11,After_Diet,1,143,0.011052712938630391
6075297080c6b17dd53eedfcb7a52289,MOUSE.H11.Day3,H11,After_Diet,3,12,8.576329331046312e-4
6075297080c6b17dd53eedfcb7a52289,MOUSE.H11.Day7,H11,After_Diet,7,0,0
6075297080c6b17dd53eedfcb7a52289,MOUSE.H12.Day1,H12,After_Diet,1,98,0.0077907623817473565
6075297080c6b17dd53eedfcb7a52289,MOUSE.H12.Day3,H12,After_Diet,3,0,0
6075297080c6b17dd53eedfcb7a52289,MOUSE.H12.Day7,H12,After_Diet,7,0,0
6075297080c6b17dd53eedfcb7a52289,MOUSE.H13.Day1,H13,After_Diet,1,129,0.00934173365196611
6075297080c6b17dd53eedfcb7a52289,MOUSE.H13.Day3,H13,After_Diet,3,0,0
6075297080c6b17dd53eedfcb7a52289,MOUSE.H13.Day7,H13,After_Diet,7,0,0
65c8105fcc3a451ddaffb23465c00b72,MOUSE.G11.Day1,G11,Before_Diet,1,8,5.791226292167366e-4
65c8105fcc3a451ddaffb23465c00b72,MOUSE.G11.Day3,G11,Before_Diet,3,0,0
65c8105fcc3a451ddaffb23465c00b72,MOUSE.G11.Day7,G11,Before_Diet,7,0,0
65c8105fcc3a451ddaffb23465c00b72,MOUSE.G12.Day1,G12,Before_Diet,1,85,0.00754348597799077
65c8105fcc3a451ddaffb23465c00b72,MOUSE.G12.Day3,G12,Before_Diet,3,0,0
65c8105fcc3a451ddaffb23465c00b72,MOUSE.G12.Day7,G12,Before_Diet,7,0,0
65c8105fcc3a451ddaffb23465c00b72,MOUSE.G21.Day1,G21,Before_Diet,1,0,0
65c8105fcc3a451ddaffb23465c00b72,MOUSE.G21.Day3,G21,Before_Diet,3,0,0
65c8105fcc3a451ddaffb23465c00b72,MOUSE.G21.Day7,G21,Before_Diet,7,0,0
65c8105fcc3a451ddaffb23465c00b72,MOUSE.H11.Day1,H11,After_Diet,1,87,0.006724377801824084
65c8105fcc3a451ddaffb23465c00b72,MOUSE.H11.Day3,H11,After_Diet,3,0,0
65c8105fcc3a451ddaffb23465c00b72,MOUSE.H11.Day7,H11,After_Diet,7,0,0
65c8105fcc3a451ddaffb23465c00b72,MOUSE.H12.Day1,H12,After_Diet,1,131,0.010414182367437793
65c8105fcc3a451ddaffb23465c00b72,MOUSE.H12.Day3,H12,After_Diet,3,0,0
65c8105fcc3a451ddaffb23465c00b72,MOUSE.H12.Day7,H12,After_Diet,7,0,0
65c8105fcc3a451ddaffb23465c00b72,MOUSE.H13.Day1,H13,After_Diet,1,60,0.004344992396263307
65c8105fcc3a451ddaffb23465c00b72,MOUSE.H13.Day3,H13,After_Diet,3,0,0
65c8105fcc3a451ddaffb23465c00b72,MOUSE.H13.Day7,H13,After_Diet,7,0,0
0cc2f79a3e3d31e1d291a8e083e611ab,MOUSE.G11.Day1,G11,Before_Diet,1,0,0
0cc2f79a3e3d31e1d291a8e083e611ab,MOUSE.G11.Day3,G11,Before_Diet,3,0,0
0cc2f79a3e3d31e1d291a8e083e611ab,MOUSE.G11.Day7,G11,Before_Diet,7,180,0.013976240391334731
0cc2f79a3e3d31e1d291a8e083e611ab,MOUSE.G12.Day1,G12,Before_Diet,1,0,0
0cc2f79a3e3d31e1d291a8e083e611ab,MOUSE.G12.Day3,G12,Before_Diet,3,0,0
0cc2f79a3e3d31e1d291a8e083e611ab,MOUSE.G12.Day7,G12,Before_Diet,7,51,0.004897253696946418
0cc2f79a3e3d31e1d291a8e083e611ab,MOUSE.G21.Day1,G21,Before_Diet,1,0,0
0cc2f79a3e3d31e1d291a8e083e611ab,MOUSE.G21.Day3,G21,Before_Diet,3,0,0
0cc2f79a3e3d31e1d291a8e083e611ab,MOUSE.G21.Day7,G21,Before_Diet,7,0,0
0cc2f79a3e3d31e1d291a8e083e611ab,MOUSE.H11.Day1,H11,After_Diet,1,0,0
0cc2f79a3e3d31e1d291a8e083e611ab,MOUSE.H11.Day3,H11,After_Diet,3,0,0
0cc2f79a3e3d31e1d291a8e083e611ab,MOUSE.H11.Day7,H11,After_Diet,7,96,0.007759456838021339
0cc2f79a3e3d31e1d291a8e083e611ab,MOUSE.H12.Day1,H12,After_Diet,1,0,0
0cc2f79a3e3d31e1d291a8e083e611ab,MOUSE.H12.Day3,H12,After_Diet,3,35,0.002595091569659672
0cc2f79a3e3d31e1d291a8e083e611ab,MOUSE.H12.Day7,H12,After_Diet,7,0,0
0cc2f79a3e3d31e1d291a8e083e611ab,MOUSE.H13.Day1,H13,After_Diet,1,0,0
0cc2f79a3e3d31e1d291a8e083e611ab,MOUSE.H13.Day3,H13,After_Diet,3,0,0
0cc2f79a3e3d31e1d291a8e083e611ab,MOUSE.H13.Day7,H13,After_Diet,7,0,0
1645cd2f53a22b3d5a92f385aa92ec75,MOUSE.G11.Day1,G11,Before_Diet,1,154,0.01114811061242218
1645cd2f53a22b3d5a92f385aa92ec75,MOUSE.G11.Day3,G11,Before_Diet,3,0,0
1645cd2f53a22b3d5a92f385aa92ec75,MOUSE.G11.Day7,G11,Before_Diet,7,0,0
1645cd2f53a22b3d5a92f385aa92ec75,MOUSE.G12.Day1,G12,Before_Diet,1,78,0.006922257720979766
1645cd2f53a22b3d5a92f385aa92ec75,MOUSE.G12.Day3,G12,Before_Diet,3,0,0
1645cd2f53a22b3d5a92f385aa92ec75,MOUSE.G12.Day7,G12,Before_Diet,7,0,0
1645cd2f53a22b3d5a92f385aa92ec75,MOUSE.G21.Day1,G21,Before_Diet,1,99,0.00829215177150515
1645cd2f53a22b3d5a92f385aa92ec75,MOUSE.G21.Day3,G21,Before_Diet,3,0,0
1645cd2f53a22b3d5a92f385aa92ec75,MOUSE.G21.Day7,G21,Before_Diet,7,0,0
1645cd2f53a22b3d5a92f385aa92ec75,MOUSE.H11.Day1,H11,After_Diet,1,0,0
1645cd2f53a22b3d5a92f385aa92ec75,MOUSE.H11.Day3,H11,After_Diet,3,0,0
1645cd2f53a22b3d5a92f385aa92ec75,MOUSE.H11.Day7,H11,After_Diet,7,0,0
1645cd2f53a22b3d5a92f385aa92ec75,MOUSE.H12.Day1,H12,After_Diet,1,0,0
1645cd2f53a22b3d5a92f385aa92ec75,MOUSE.H12.Day3,H12,After_Diet,3,0,0
1645cd2f53a22b3d5a92f385aa92ec75,MOUSE.H12.Day7,H12,After_Diet,7,0,0
1645cd2f53a22b3d5a92f385aa92ec75,MOUSE.H13.Day1,H13,After_Diet,1,0,0
1645cd2f53a22b3d5a92f385aa92ec75,MOUSE.H13.Day3,H13,After_Diet,3,0,0
1645cd2f53a22b3d5a92f385aa92ec75,MOUSE.H13.Day7,H13,After_Diet,7,0,0
1b4ee31d7fe2aab11c55dca8ce504b0a,MOUSE.G11.Day1,G11,Before_Diet,1,0,0
1b4ee31d7fe2aab11c55dca8ce504b0a,MOUSE.G11.Day3,G11,Before_Diet,3,0,0
1b4ee31d7fe2aab11c55dca8ce504b0a,MOUSE.G11.Day7,G11,Before_Diet,7,0,0
1b4ee31d7fe2aab11c55dca8ce504b0a,MOUSE.G12.Day1,G12,Before_Diet,1,0,0
1b4ee31d7fe2aab11c55dca8ce504b0a,MOUSE.G12.Day3,G12,Before_Diet,3,0,0
1b4ee31d7fe2aab11c55dca8ce504b0a,MOUSE.G12.Day7,G12,Before_Diet,7,0,0
1b4ee31d7fe2aab11c55dca8ce504b0a,MOUSE.G21.Day1,G21,Before_Diet,1,0,0
1b4ee31d7fe2aab11c55dca8ce504b0a,MOUSE.G21.Day3,G21,Before_Diet,3,0,0
1b4ee31d7fe2aab11c55dca8ce504b0a,MOUSE.G21.Day7,G21,Before_Diet,7,0,0
1b4ee31d7fe2aab11c55dca8ce504b0a,MOUSE.H11.Day1,H11,After_Diet,1,0,0
1b4ee31d7fe2aab11c55dca8ce504b0a,MOUSE.H11.Day3,H11,After_Diet,3,0,0
1b4ee31d7fe2aab11c55dca8ce504b0a,MOUSE.H11.Day7,H11,After_Diet,7,0,0
1b4ee31d7fe2aab11c55dca8ce504b0a,MOUSE.H12.Day1,H12,After_Diet,1,0,0
1b4ee31d7fe2aab11c55dca8ce504b0a,MOUSE.H12.Day3,H12,After_Diet,3,81,0.00600578334692667
1b4ee31d7fe2aab11c55dca8ce504b0a,MOUSE.H12.Day7,H12,After_Diet,7,237,0.017900302114803625
1b4ee31d7fe2aab11c55dca8ce504b0a,MOUSE.H13.Day1,H13,After_Diet,1,0,0
1b4ee31d7fe2aab11c55dca8ce504b0a,MOUSE.H13.Day3,H13,After_Diet,3,0,0
1b4ee31d7fe2aab11c55dca8ce504b0a,MOUSE.H13.Day7,H13,After_Diet,7,0,0
ec3d56c151ad69ab0f9552bdd091b109,MOUSE.G11.Day1,G11,Before_Diet,1,0,0
ec3d56c151ad69ab0f9552bdd091b109,MOUSE.G11.Day3,G11,Before_Diet,3,0,0
ec3d56c151ad69ab0f9552bdd091b109,MOUSE.G11.Day7,G11,Before_Diet,7,0,0
ec3d56c151ad69ab0f9552bdd091b109,MOUSE.G12.Day1,G12,Before_Diet,1,0,0
ec3d56c151ad69ab0f9552bdd091b109,MOUSE.G12.Day3,G12,Before_Diet,3,0,0
ec3d56c151ad69ab0f9552bdd091b109,MOUSE.G12.Day7,G12,Before_Diet,7,0,0
ec3d56c151ad69ab0f9552bdd091b109,MOUSE.G21.Day1,G21,Before_Diet,1,0,0
ec3d56c151ad69ab0f9552bdd091b109,MOUSE.G21.Day3,G21,Before_Diet,3,0,0
ec3d56c151ad69ab0f9552bdd091b109,MOUSE.G21.Day7,G21,Before_Diet,7,0,0
ec3d56c151ad69ab0f9552bdd091b109,MOUSE.H11.Day1,H11,After_Diet,1,0,0
ec3d56c151ad69ab0f9552bdd091b109,MOUSE.H11.Day3,H11,After_Diet,3,0,0
ec3d56c151ad69ab0f9552bdd091b109,MOUSE.H11.Day7,H11,After_Diet,7,0,0
ec3d56c151ad69ab0f9552bdd091b109,MOUSE.H12.Day1,H12,After_Diet,1,0,0
ec3d56c151ad69ab0f9552bdd091b109,MOUSE.H12.Day3,H12,After_Diet,3,0,0
ec3d56c151ad69ab0f9552bdd091b109,MOUSE.H12.Day7,H12,After_Diet,7,3,2.2658610271903323e-4
ec3d56c151ad69ab0f9552bdd091b109,MOUSE.H13.Day1,H13,After_Diet,1,0,0
ec3d56c151ad69ab0f9552bdd091b109,MOUSE.H13.Day3,H13,After_Diet,3,0,0
ec3d56c151ad69ab0f9552bdd091b109,MOUSE.H13.Day7,H13,After_Diet,7,288,0.024369605686241327
410c5ad537d4ad4cb3a7cece3f38280a,MOUSE.G11.Day1,G11,Before_Diet,1,0,0
410c5ad537d4ad4cb3a7cece3f38280a,MOUSE.G11.Day3,G11,Before_Diet,3,0,0
410c5ad537d4ad4cb3a7cece3f38280a,MOUSE.G11.Day7,G11,Before_Diet,7,0,0
410c5ad537d4ad4cb3a7cece3f38280a,MOUSE.G12.Day1,G12,Before_Diet,1,0,0
410c5ad537d4ad4cb3a7cece3f38280a,MOUSE.G12.Day3,G12,Before_Diet,3,0,0
410c5ad537d4ad4cb3a7cece3f38280a,MOUSE.G12.Day7,G12,Before_Diet,7,0,0
410c5ad537d4ad4cb3a7cece3f38280a,MOUSE.G21.Day1,G21,Before_Diet,1,0,0
410c5ad537d4ad4cb3a7cece3f38280a,MOUSE.G21.Day3,G21,Before_Diet,3,0,0
410c5ad537d4ad4cb3a7cece3f38280a,MOUSE.G21.Day7,G21,Before_Diet,7,0,0
410c5ad537d4ad4cb3a7cece3f38280a,MOUSE.H11.Day1,H11,After_Diet,1,35,0.002705209460503942
410c5ad537d4ad4cb3a7cece3f38280a,MOUSE.H11.Day3,H11,After_Diet,3,0,0
410c5ad537d4ad4cb3a7cece3f38280a,MOUSE.H11.Day7,H11,After_Diet,7,0,0
410c5ad537d4ad4cb3a7cece3f38280a,MOUSE.H12.Day1,H12,After_Diet,1,210,0.01669449081803005
410c5ad537d4ad4cb3a7cece3f38280a,MOUSE.H12.Day3,H12,After_Diet,3,0,0
410c5ad537d4ad4cb3a7cece3f38280a,MOUSE.H12.Day7,H12,After_Diet,7,0,0
410c5ad537d4ad4cb3a7cece3f38280a,MOUSE.H13.Day1,H13,After_Diet,1,0,0
410c5ad537d4ad4cb3a7cece3f38280a,MOUSE.H13.Day3,H13,After_Diet,3,0,0
410c5ad537d4ad4cb3a7cece3f38280a,MOUSE.H13.Day7,H13,After_Diet,7,0,0
56fe551afbafaa0466bb7b31fec916d2,MOUSE.G11.Day1,G11,Before_Diet,1,0,0
56fe551afbafaa0466bb7b31fec916d2,MOUSE.G11.Day3,G11,Before_Diet,3,0,0
56fe551afbafaa0466bb7b31fec916d2,MOUSE.G11.Day7,G11,Before_Diet,7,132,0.010249242953645469
56fe551afbafaa0466bb7b31fec916d2,MOUSE.G12.Day1,G12,Before_Diet,1,0,0
56fe551afbafaa0466bb7b31fec916d2,MOUSE.G12.Day3,G12,Before_Diet,3,0,0
56fe551afbafaa0466bb7b31fec916d2,MOUSE.G12.Day7,G12,Before_Diet,7,56,0.005377376608411754
56fe551afbafaa0466bb7b31fec916d2,MOUSE.G21.Day1,G21,Before_Diet,1,0,0
56fe551afbafaa0466bb7b31fec916d2,MOUSE.G21.Day3,G21,Before_Diet,3,0,0
56fe551afbafaa0466bb7b31fec916d2,MOUSE.G21.Day7,G21,Before_Diet,7,0,0
56fe551afbafaa0466bb7b31fec916d2,MOUSE.H11.Day1,H11,After_Diet,1,0,0
56fe551afbafaa0466bb7b31fec916d2,MOUSE.H11.Day3,H11,After_Diet,3,0,0
56fe551afbafaa0466bb7b31fec916d2,MOUSE.H11.Day7,H11,After_Diet,7,0,0
56fe551afbafaa0466bb7b31fec916d2,MOUSE.H12.Day1,H12,After_Diet,1,0,0
56fe551afbafaa0466bb7b31fec916d2,MOUSE.H12.Day3,H12,After_Diet,3,15,0.0011121821012827168
56fe551afbafaa0466bb7b31fec916d2,MOUSE.H12.Day7,H12,After_Diet,7,0,0
56fe551afbafaa0466bb7b31fec916d2,MOUSE.H13.Day1,H13,After_Diet,1,0,0
56fe551afbafaa0466bb7b31fec916d2,MOUSE.H13.Day3,H13,After_Diet,3,0,0
56fe551afbafaa0466bb7b31fec916d2,MOUSE.H13.Day7,H13,After_Diet,7,0,0
4d477d6dd539923bbc13eca3f88adae5,MOUSE.G11.Day1,G11,Before_Diet,1,0,0
4d477d6dd539923bbc13eca3f88adae5,MOUSE.G11.Day3,G11,Before_Diet,3,0,0
4d477d6dd539923bbc13eca3f88adae5,MOUSE.G11.Day7,G11,Before_Diet,7,0,0
4d477d6dd539923bbc13eca3f88adae5,MOUSE.G12.Day1,G12,Before_Diet,1,0,0
4d477d6dd539923bbc13eca3f88adae5,MOUSE.G12.Day3,G12,Before_Diet,3,0,0
4d477d6dd539923bbc13eca3f88adae5,MOUSE.G12.Day7,G12,Before_Diet,7,0,0
4d477d6dd539923bbc13eca3f88adae5,MOUSE.G21.Day1,G21,Before_Diet,1,0,0
4d477d6dd539923bbc13eca3f88adae5,MOUSE.G21.Day3,G21,Before_Diet,3,0,0
4d477d6dd539923bbc13eca3f88adae5,MOUSE.G21.Day7,G21,Before_Diet,7,0,0
4d477d6dd539923bbc13eca3f88adae5,MOUSE.H11.Day1,H11,After_Diet,1,0,0
4d477d6dd539923bbc13eca3f88adae5,MOUSE.H11.Day3,H11,After_Diet,3,0,0
4d477d6dd539923bbc13eca3f88adae5,MOUSE.H11.Day7,H11,After_Diet,7,21,0.0016973811833171678
4d477d6dd539923bbc13eca3f88adae5,MOUSE.H12.Day1,H12,After_Diet,1,0,0
4d477d6dd539923bbc13eca3f88adae5,MOUSE.H12.Day3,H12,After_Diet,3,0,0
4d477d6dd539923bbc13eca3f88adae5,MOUSE.H12.Day7,H12,After_Diet,7,142,0.010725075528700907
4d477d6dd539923bbc13eca3f88adae5,MOUSE.H13.Day1,H13,After_Diet,1,0,0
4d477d6dd539923bbc13eca3f88adae5,MOUSE.H13.Day3,H13,After_Diet,3,0,0
4d477d6dd539923bbc13eca3f88adae5,MOUSE.H13.Day7,H13,After_Diet,7,0,0
c7edbbc9459a4ab828f6e98bea6910dd,MOUSE.G11.Day1,G11,Before_Diet,1,0,0
c7edbbc9459a4ab828f6e98bea6910dd,MOUSE.G11.Day3,G11,Before_Diet,3,0,0
c7edbbc9459a4ab828f6e98bea6910dd,MOUSE.G11.Day7,G11,Before_Diet,7,0,0
c7edbbc9459a4ab828f6e98bea6910dd,MOUSE.G12.Day1,G12,Before_Diet,1,0,0
c7edbbc9459a4ab828f6e98bea6910dd,MOUSE.G12.Day3,G12,Before_Diet,3,0,0
c7edbbc9459a4ab828f6e98bea6910dd,MOUSE.G12.Day7,G12,Before_Diet,7,0,0
c7edbbc9459a4ab828f6e98bea6910dd,MOUSE.G21.Day1,G21,Before_Diet,1,0,0
c7edbbc9459a4ab828f6e98bea6910dd,MOUSE.G21.Day3,G21,Before_Diet,3,0,0
c7edbbc9459a4ab828f6e98bea6910dd,MOUSE.G21.Day7,G21,Before_Diet,7,0,0
c7edbbc9459a4ab828f6e98bea6910dd,MOUSE.H11.Day1,H11,After_Diet,1,0,0
c7edbbc9459a4ab828f6e98bea6910dd,MOUSE.H11.Day3,H11,After_Diet,3,0,0
c7edbbc9459a4ab828f6e98bea6910dd,MOUSE.H11.Day7,H11,After_Diet,7,153,0.012366634335596509
c7edbbc9459a4ab828f6e98bea6910dd,MOUSE.H12.Day1,H12,After_Diet,1,0,0
c7edbbc9459a4ab828f6e98bea6910dd,MOUSE.H12.Day3,H12,After_Diet,3,0,0
c7edbbc9459a4ab828f6e98bea6910dd,MOUSE.H12.Day7,H12,After_Diet,7,0,0
c7edbbc9459a4ab828f6e98bea6910dd,MOUSE.H13.Day1,H13,After_Diet,1,0,0
c7edbbc9459a4ab828f6e98bea6910dd,MOUSE.H13.Day3,H13,After_Diet,3,0,0
c7edbbc9459a4ab828f6e98bea6910dd,MOUSE.H13.Day7,H13,After_Diet,7,0,0
